user_id,property_id,original_url,floorplan_data_url
FloorplanTest290425,212,https://media.rightmove.co.uk/16k/15987/157632305/15987_1309699_FLP_00_0003.png,https://floorsbucket.s3.eu-north-1.amazonaws.com/processed_images_folder/user_FloorplanTest290425_property_212/floorid_08c0e213249b33325f88070e2fe0efd162e62c07360dce5b170247b1d0b58c30/all_floors.csv
FloorplanTest290425,213,https://media.rightmove.co.uk/97k/96368/157624415/96368_HOR240273_FLP_00_0000.jpeg,https://floorsbucket.s3.eu-north-1.amazonaws.com/processed_images_folder/user_FloorplanTest290425_property_213/floorid_e20489be133b5dc53b9fc82086f8a2411a9fda81e96626b249c3fe237e278927/all_floors.csv
FloorplanTest290425,216,https://media.rightmove.co.uk/12k/11612/158149802/11612_BUR100211_FLP_00_0000.jpeg,https://floorsbucket.s3.eu-north-1.amazonaws.com/processed_images_folder/user_FloorplanTest290425_property_216/floorid_34a9e5502035113a0a59cad16ebc72bb59455a4337d3defddf0eb53f1af099b2/all_floors.csv
FloorplanTest290425,217,https://media.rightmove.co.uk/16k/15436/158149382/15436_28698681_FLP_00_0000.jpeg,https://floorsbucket.s3.eu-north-1.amazonaws.com/processed_images_folder/user_FloorplanTest290425_property_217/floorid_6df19ae40d67e4e4bf8fae610df0fd4bcef9f37dc1b4075418869e52fcdebf03/all_floors.csv
FloorplanTest290425,218,https://media.rightmove.co.uk/20k/19212/158112233/19212_RIP210257_FLP_00_0000.jpeg,https://floorsbucket.s3.eu-north-1.amazonaws.com/processed_images_folder/user_FloorplanTest290425_property_218/floorid_16660541df279280f0a063503ef0db91432aff548bebbf9294364cb99adfff18/all_floors.csv
FloorplanTest290425,219,https://media.rightmove.co.uk/49k/48698/158119058/48698_WES200087_FLP_00_0000.jpeg,https://floorsbucket.s3.eu-north-1.amazonaws.com/processed_images_folder/user_FloorplanTest290425_property_219/floorid_77b22a888acc81b7de8fda073cacf7ba0cc589ddf51f98678a286b176b67377f/all_floors.csv
FloorplanTest290425,215,https://media.rightmove.co.uk/5k/4172/87080874/4172_100031013581_FLP_00_0000.png,https://floorsbucket.s3.eu-north-1.amazonaws.com/processed_images_folder/user_FloorplanTest290425_property_215/floorid_c36b0b79bcfd537c86a45ad61a97942ce59d322e64bfadb94ba310e16928a0ff/all_floors.csv
FloorplanTest290425,220,https://media.rightmove.co.uk/18k/17973/158281094/17973_WNS250031_FLP_00_0000.jpeg,https://floorsbucket.s3.eu-north-1.amazonaws.com/processed_images_folder/user_FloorplanTest290425_property_220/floorid_b5b552aff2345885e0d1803da98b1804ddeb4d2e4b77c20a0b466356cfaa71ea/all_floors.csv
FloorplanTest290425,222,https://media.rightmove.co.uk/20k/19212/158261315/19212_RIP210132_FLP_00_0000.jpeg,https://floorsbucket.s3.eu-north-1.amazonaws.com/processed_images_folder/user_FloorplanTest290425_property_222/floorid_9b9345fc076726b7a117f162094d2449f72c643a754a049bc14a4b11781b10fe/all_floors.csv
FloorplanTest290425,224,https://media.rightmove.co.uk/16k/15984/152943413/15984_1220188_FLP_00_0003.png,https://floorsbucket.s3.eu-north-1.amazonaws.com/processed_images_folder/user_FloorplanTest290425_property_224/floorid_b8e1e4f1d17bab4d09d32fd06b2f29a99ddcff3b54cb97bc514a07901aca11bd/all_floors.csv
FloorplanTest290425,225,https://media.rightmove.co.uk/10k/9040/158262095/9040_WOK240569_FLP_00_0000.jpeg,https://floorsbucket.s3.eu-north-1.amazonaws.com/processed_images_folder/user_FloorplanTest290425_property_225/floorid_c5d06144bf025bd06bd28cc5dcf73261c80f60e4197afee799956eda0ed602a6/all_floors.csv
FloorplanTest290425,227,https://media.rightmove.co.uk/16k/15436/157114469/15436_28607650_FLP_00_0000.jpeg,https://floorsbucket.s3.eu-north-1.amazonaws.com/processed_images_folder/user_FloorplanTest290425_property_227/floorid_a7b027663f7889172b7141b9fcf2290a248ecec59df1da3dd875e044ae0910b8/all_floors.csv
FloorplanTest290425,228,https://media.rightmove.co.uk/12k/11612/158264951/11612_BUR240187_FLP_00_0000.jpeg,https://floorsbucket.s3.eu-north-1.amazonaws.com/processed_images_folder/user_FloorplanTest290425_property_228/floorid_c254fd0f6c566129b46d13967df21f02d99edb506c636ad2bfdb5a0046245a59/all_floors.csv
FloorplanTest290425,229,https://media.rightmove.co.uk/50k/49305/158256791/49305_S1209360_FLP_00_0000.jpeg,https://floorsbucket.s3.eu-north-1.amazonaws.com/processed_images_folder/user_FloorplanTest290425_property_229/floorid_60271678c8f75e6d4017840f7b80901dbac971c434952944d54d95316604b863/all_floors.csv
FloorplanTest290425,230,https://media.rightmove.co.uk/162k/161522/158034488/161522_HPA240537_FLP_00_0000.jpeg,https://floorsbucket.s3.eu-north-1.amazonaws.com/processed_images_folder/user_FloorplanTest290425_property_230/floorid_208f2b829c9814fa6e0cb71ca954768813842ef125b468e9cae1e64672af6e1a/all_floors.csv
FloorplanTest290425,232,https://media.rightmove.co.uk/49k/48620/158366828/48620_CLV744732_FLP_00_0000.jpeg,https://floorsbucket.s3.eu-north-1.amazonaws.com/processed_images_folder/user_FloorplanTest290425_property_232/floorid_6a188a44fb1ee52148ae3c9ba076862e06ad2b050f4d1a9d1c594cce989ed3c2/all_floors.csv
FloorplanTest290425,233,https://media.rightmove.co.uk/8k/7153/154759076/7153_PULWE_503323_FLP_00_0000.jpeg,https://floorsbucket.s3.eu-north-1.amazonaws.com/processed_images_folder/user_FloorplanTest290425_property_233/floorid_1c8ad74c63f79b50592d6fbc2af467a1650cdfdfbfa2062643e71e992c669c11/all_floors.csv
FloorplanTest290425,235,https://media.rightmove.co.uk/10k/9040/158352788/9040_WOK250078_FLP_00_0000.jpeg,https://floorsbucket.s3.eu-north-1.amazonaws.com/processed_images_folder/user_FloorplanTest290425_property_235/floorid_ac3ce60101c42d73b02efadb473672900d514d489e29824daf35e7b917d7c4e5/all_floors.csv
FloorplanTest290425,237,https://media.rightmove.co.uk/37k/36239/158353511/36239_GUS250022_FLP_00_0000.jpeg,https://floorsbucket.s3.eu-north-1.amazonaws.com/processed_images_folder/user_FloorplanTest290425_property_237/floorid_7b0d3ebb15439487e6e4ce0191f68834bc9e21652c4fad211f01ac5ffdcf48d9/all_floors.csv
FloorplanTest290425,238,https://media.rightmove.co.uk/254k/253016/158354267/253016_S1211586_FLP_00_0000.jpeg,https://floorsbucket.s3.eu-north-1.amazonaws.com/processed_images_folder/user_FloorplanTest290425_property_238/floorid_88ce38020b81060a56eb64fbdcbd35d7a5db49a6a0b14ab42ff0f84b9228b0ce/all_floors.csv
FloorplanTest290425,239,https://media.rightmove.co.uk/37k/36239/157156604/36239_GUS240366_FLP_00_0000.jpeg,https://floorsbucket.s3.eu-north-1.amazonaws.com/processed_images_folder/user_FloorplanTest290425_property_239/floorid_ee45f73f4a7759e47811d6014620565b3e6c2ee29cb74cdbc498a576c8d46278/all_floors.csv
FloorplanTest290425,240,https://media.rightmove.co.uk/103k/102539/158389037/102539_a2567e7b-9ed6-4396-8d3d-bd3e4ff01df9_FLP_00_0001.jpeg,https://floorsbucket.s3.eu-north-1.amazonaws.com/processed_images_folder/user_FloorplanTest290425_property_240/floorid_07ad05d2952fbf69eb7cd47920e53b31a7a4ab6683caadb447fcc5e8e40dea06/all_floors.csv
FloorplanTest290425,241,https://media.rightmove.co.uk/16k/15984/158420027/15984_1314093_FLP_00_0000.png,https://floorsbucket.s3.eu-north-1.amazonaws.com/processed_images_folder/user_FloorplanTest290425_property_241/floorid_27df283eabddb652a56b9e8e30013cc1a247e3684942947c9f8340a10a1edbb2/all_floors.csv
FloorplanTest290425,242,https://media.rightmove.co.uk/69k/68971/156809111/68971_GUI220347_FLP_00_0000.png,https://floorsbucket.s3.eu-north-1.amazonaws.com/processed_images_folder/user_FloorplanTest290425_property_242/floorid_62fc61f8a1efdaa53ad6f6120508793377b69db8b9593dff57de77feab5ffa06/all_floors.csv
FloorplanTest290425,244,https://media.rightmove.co.uk/41k/40310/158391395/40310_33681716_FLP_00_0000.jpeg,https://floorsbucket.s3.eu-north-1.amazonaws.com/processed_images_folder/user_FloorplanTest290425_property_244/floorid_babb814b6c58782c8a1151f415f1d657ad14ebfd268843c513ff9ea311d6a96d/all_floors.csv
FloorplanTest290425,246,https://media.rightmove.co.uk/97k/96368/158607725/96368_HOR240204_FLP_00_0000.jpeg,https://floorsbucket.s3.eu-north-1.amazonaws.com/processed_images_folder/user_FloorplanTest290425_property_246/floorid_4153fce4b9ad0f535ac50378290f29a2848008654d5a5a45d8a9efc78e4f5081/all_floors.csv
FloorplanTest290425,249,https://media.rightmove.co.uk/12k/11612/158614079/11612_BUR240316_FLP_00_0000.jpeg,https://floorsbucket.s3.eu-north-1.amazonaws.com/processed_images_folder/user_FloorplanTest290425_property_249/floorid_8554eb9d218853c834404be35b10871b7e252f7315c91c6dda71db236674891c/all_floors.csv
FloorplanTest290425,250,https://media.rightmove.co.uk/85k/84800/158648825/84800_33695969_FLP_00_0000.jpeg,https://floorsbucket.s3.eu-north-1.amazonaws.com/processed_images_folder/user_FloorplanTest290425_property_250/floorid_605ad15e0dd8eac9c6e6366d98b930c7ee994f3ffc2c8bc6934da3baacb29afe/all_floors.csv
FloorplanTest290425,251,https://media.rightmove.co.uk/239k/238265/152076377/238265_S1064575_FLP_00_0000.jpeg,https://floorsbucket.s3.eu-north-1.amazonaws.com/processed_images_folder/user_FloorplanTest290425_property_251/floorid_9920de4eafc20be7a8e08cf1a7c5ab6b5260db71817620652547a994f125412e/all_floors.csv
FloorplanTest290425,252,https://media.rightmove.co.uk/55k/54899/158508347/54899_ef2e3c45-d5d0-4ca3-b7fe-718d5542617c_FLP_00_0000.jpeg,https://floorsbucket.s3.eu-north-1.amazonaws.com/processed_images_folder/user_FloorplanTest290425_property_252/floorid_2767c3111af2e27ba0b46b59d69c66dfc107079948b46bfdc9f0ca4b2b422dc7/all_floors.csv
FloorplanTest290425,253,https://media.rightmove.co.uk/87k/86777/158701067/86777_KNA220532_FLP_00_0000.jpeg,https://floorsbucket.s3.eu-north-1.amazonaws.com/processed_images_folder/user_FloorplanTest290425_property_253/floorid_dce485362cb090a8cd953ae0d9dae1cc67a20a1cf8b20cf2c4b35bf54c15e23b/all_floors.csv
FloorplanTest290425,257,https://media.rightmove.co.uk/192k/191324/154099181/191324_RX393509_FLP_00_0000.jpeg,https://floorsbucket.s3.eu-north-1.amazonaws.com/processed_images_folder/user_FloorplanTest290425_property_257/floorid_c080fbac21985ab674a6e11d950c18eddd392f4aac58daf9bdff14763798cf3b/all_floors.csv
FloorplanTest290425,259,https://media.rightmove.co.uk/16k/15436/158165240/15436_28700965_FLP_00_0000.jpeg,https://floorsbucket.s3.eu-north-1.amazonaws.com/processed_images_folder/user_FloorplanTest290425_property_259/floorid_3bfe74b865c90b469f467bb2686352ad2e5653c48137c8b757dd9c396a4f24b4/all_floors.csv
FloorplanTest290425,260,https://media.rightmove.co.uk/10k/9040/155520179/9040_WOK230854_FLP_00_0000.jpeg,https://floorsbucket.s3.eu-north-1.amazonaws.com/processed_images_folder/user_FloorplanTest290425_property_260/floorid_b2f3fe32444ad77acd4a275609478342bd0e30af8cf199b6494e6b153646e101/all_floors.csv
FloorplanTest290425,261,https://media.rightmove.co.uk/10k/9040/156296654/9040_WOK140970_FLP_00_0001.jpeg,https://floorsbucket.s3.eu-north-1.amazonaws.com/processed_images_folder/user_FloorplanTest290425_property_261/floorid_034bcd31d54ea86095417bb228b7b34c08d88726b50d65dfbe5468fba8e34aed/all_floors.csv
FloorplanTest290425,263,https://media.rightmove.co.uk/34k/33563/158743841/33563_WIN250007_FLP_00_0000.jpeg,https://floorsbucket.s3.eu-north-1.amazonaws.com/processed_images_folder/user_FloorplanTest290425_property_263/floorid_1b364c2fe0b751048b0cf92ffd45fb18d3e3de307d214f9693d77e73219332b0/all_floors.csv
FloorplanTest290425,264,https://media.rightmove.co.uk/34k/33563/158736590/33563_WIN140205_FLP_00_0001.jpeg,https://floorsbucket.s3.eu-north-1.amazonaws.com/processed_images_folder/user_FloorplanTest290425_property_264/floorid_53f4b334bbd300c272d3cf98243ffbd8ae86c12ad233e5385d0dbc50f752623c/all_floors.csv
FloorplanTest290425,265,https://media.rightmove.co.uk/5k/4905/158248280/4905_WOA130226_FLP_00_0000.jpeg,https://floorsbucket.s3.eu-north-1.amazonaws.com/processed_images_folder/user_FloorplanTest290425_property_265/floorid_7c88aa3ff7b0ac52679614d76954af3be25f2ca9ecaf36fbc25e356885f9687b/all_floors.csv
FloorplanTest290425,266,https://media.rightmove.co.uk/72k/71947/157156637/71947_50a56668-a934-4512-a8e9-c5c11fbe441c_FLP_00_0000.jpeg,https://floorsbucket.s3.eu-north-1.amazonaws.com/processed_images_folder/user_FloorplanTest290425_property_266/floorid_71a7d60f1c8b8f2ffdc1fdb1f81c0a8676e213a3b51a8552120960199abcc1fa/all_floors.csv
FloorplanTest290425,267,https://media.rightmove.co.uk/38k/37979/158790029/37979_a1nQ500000JCn0QIAT_FLP_00_0000.jpeg,https://floorsbucket.s3.eu-north-1.amazonaws.com/processed_images_folder/user_FloorplanTest290425_property_267/floorid_3d5f9d73ef96710bd722bbbd3d8a8f383cde501f732201568017788dae7e7f9d/all_floors.csv
FloorplanTest290425,269,https://media.rightmove.co.uk/18k/17973/158856674/17973_WNS150353_FLP_00_0001.jpeg,https://floorsbucket.s3.eu-north-1.amazonaws.com/processed_images_folder/user_FloorplanTest290425_property_269/floorid_f05cc55d24d87d3732e6b4ab3b7faaf6f605733ea97760f6a465c9ab7424a7d5/all_floors.csv
FloorplanTest290425,270,https://media.rightmove.co.uk/42k/41075/152138696/41075_GLD190269_FLP_00_0009.png,https://floorsbucket.s3.eu-north-1.amazonaws.com/processed_images_folder/user_FloorplanTest290425_property_270/floorid_a50f8aa0615202a93ffc30830378f0d3117fd4a1c9277fc9b7fdb23a5c5115d9/all_floors.csv
FloorplanTest290425,270,https://media.rightmove.co.uk/42k/41075/152138696/41075_GLD190269_FLP_01_0009.png,https://floorsbucket.s3.eu-north-1.amazonaws.com/processed_images_folder/user_FloorplanTest290425_property_270/floorid_d499299402c473d2dd3267ab71a9935265f81ec91e8cc445654b0c117c0d5ae2/all_floors.csv
FloorplanTest290425,272,https://media.rightmove.co.uk/10k/9040/158818088/9040_WOK230790_FLP_00_0000.png,https://floorsbucket.s3.eu-north-1.amazonaws.com/processed_images_folder/user_FloorplanTest290425_property_272/floorid_6e277c5d2a49e4f29c9654072fd7e8a5f2319069b496e9b2eab8f45e95614ade/all_floors.csv
FloorplanTest290425,273,https://media.rightmove.co.uk/36k/35126/158812739/35126_GFD240202_FLP_00_0000.jpeg,https://floorsbucket.s3.eu-north-1.amazonaws.com/processed_images_folder/user_FloorplanTest290425_property_273/floorid_4bcaef9b684b3c5e63dcb06a0e1980f595606c679fe1fbdca33da239146f7b86/all_floors.csv
FloorplanTest290425,274,https://media.rightmove.co.uk/16k/15987/157463864/15987_1311733_FLP_00_0003.png,https://floorsbucket.s3.eu-north-1.amazonaws.com/processed_images_folder/user_FloorplanTest290425_property_274/floorid_25c8c854b4eeeb1de97ebb7ef513b6f8b5e4516f00b1f0ba4ebd3a0f79661f64/all_floors.csv
FloorplanTest290425,276,https://media.rightmove.co.uk/50k/49305/158876666/49305_S701192_FLP_00_0000.jpeg,https://floorsbucket.s3.eu-north-1.amazonaws.com/processed_images_folder/user_FloorplanTest290425_property_276/floorid_a062faef607f3e178b0f7cddcc41ebb8642ad82ecb65ed958c9295dedb6b6e04/all_floors.csv
FloorplanTest290425,277,https://media.rightmove.co.uk/12k/11612/158865065/11612_BUR230044_FLP_00_0000.jpeg,https://floorsbucket.s3.eu-north-1.amazonaws.com/processed_images_folder/user_FloorplanTest290425_property_277/floorid_170b81989d6ae368def837478f51c0ab60c1f32af8a523b2a65ffb89fbea4818/all_floors.csv
FloorplanTest290425,278,https://media.rightmove.co.uk/22k/21035/158578211/21035_298_FLP_00_0000.jpeg,https://floorsbucket.s3.eu-north-1.amazonaws.com/processed_images_folder/user_FloorplanTest290425_property_278/floorid_3f2af613cf266516271101146ce603d7942843b897cd2aba112d6eafbf6e4612/all_floors.csv
FloorplanTest290425,297,https://media.rightmove.co.uk/72k/71774/154387283/71774_WIN230555_FLP_00_0000.png,https://floorsbucket.s3.eu-north-1.amazonaws.com/processed_images_folder/user_FloorplanTest290425_property_297/floorid_29d51f6de115399236fd5d9e6586d89cb55a3290ab9a1c3bdd59e1ed87cb631c/all_floors.csv
FloorplanTest290425,290,https://media.rightmove.co.uk/16k/15987/159160715/15987_1315911_FLP_00_0001.png,https://floorsbucket.s3.eu-north-1.amazonaws.com/processed_images_folder/user_FloorplanTest290425_property_290/floorid_a04a10850e4a48beb9a10c4a489eb9c3aacb2a9d129ca24067ddd2478c5200a2/all_floors.csv
FloorplanTest290425,288,https://media.rightmove.co.uk/8k/7819/159117539/7819_PWECC_688089_FLP_00_0000.jpeg,https://floorsbucket.s3.eu-north-1.amazonaws.com/processed_images_folder/user_FloorplanTest290425_property_288/floorid_076b3e52f3a9eb5e2e5acead61b1120cb19fd4b039a487d8fe92cb0fda08508e/all_floors.csv
FloorplanTest290425,285,https://media.rightmove.co.uk/20k/19212/159080636/19212_RIP240053_FLP_00_0000.jpeg,https://floorsbucket.s3.eu-north-1.amazonaws.com/processed_images_folder/user_FloorplanTest290425_property_285/floorid_2297dc730917e4eff822d75bb4465c3fa1add2c7c81899c9ac42743ef9fe991e/all_floors.csv
FloorplanTest290425,294,https://media.rightmove.co.uk/36k/35126/159141125/35126_GFD130078_FLP_00_0000.jpeg,https://floorsbucket.s3.eu-north-1.amazonaws.com/processed_images_folder/user_FloorplanTest290425_property_294/floorid_a67cf43818b44217c3f4699a6ce05cfdbf04920da44d95dad483d49e5510128f/all_floors.csv
FloorplanTest290425,291,https://media.rightmove.co.uk/49k/48970/159151595/48970_WMS250049_FLP_00_0000.jpeg,https://floorsbucket.s3.eu-north-1.amazonaws.com/processed_images_folder/user_FloorplanTest290425_property_291/floorid_57e147a3fec78bb59f89a82406bf95e7fa742bf7ecf2c29b4b1bdce530ca53a2/all_floors.csv
FloorplanTest290425,286,https://media.rightmove.co.uk/50k/49305/159078620/49305_S1229078_FLP_00_0000.jpeg,https://floorsbucket.s3.eu-north-1.amazonaws.com/processed_images_folder/user_FloorplanTest290425_property_286/floorid_dc4fbc63fae5fc24ee9f2aa2343a0010fa3863b890d65b857d941749d4c7ac8e/all_floors.csv
FloorplanTest290425,295,https://media.rightmove.co.uk/12k/11612/159146288/11612_BUR240269_FLP_00_0001.jpeg,https://floorsbucket.s3.eu-north-1.amazonaws.com/processed_images_folder/user_FloorplanTest290425_property_295/floorid_87a8976214c81feb3348da336aeaa6ad238f20942b275ed99a84ac1d91b393fc/all_floors.csv
FloorplanTest290425,289,https://media.rightmove.co.uk/40k/39671/159161258/39671_FOUWO_690177_FLP_00_0000.jpeg,https://floorsbucket.s3.eu-north-1.amazonaws.com/processed_images_folder/user_FloorplanTest290425_property_289/floorid_b952fb34c8a65d8a459662a087f51db05f02410153d1fdb66d75042f73690039/all_floors.csv
FloorplanTest290425,287,https://media.rightmove.co.uk/80k/79575/158593118/79575_ESTAT_000685_FLP_00_0000.jpeg,https://floorsbucket.s3.eu-north-1.amazonaws.com/processed_images_folder/user_FloorplanTest290425_property_287/floorid_97f4774614af598d864d6215aeebe4347d0e4633e700abf8624c30f7c54f25b7/all_floors.csv
FloorplanTest290425,293,https://media.rightmove.co.uk/36k/35126/159142460/35126_GFD250254_FLP_00_0000.jpeg,https://floorsbucket.s3.eu-north-1.amazonaws.com/processed_images_folder/user_FloorplanTest290425_property_293/floorid_276e01b5973faecc29831406744ecca290c6d4912262c2f26606890b67dbafda/all_floors.csv
FloorplanTest290425,299,https://media.rightmove.co.uk/9k/8777/159224429/8777_HRP240153_FLP_00_0000.jpeg,https://floorsbucket.s3.eu-north-1.amazonaws.com/processed_images_folder/user_FloorplanTest290425_property_299/floorid_dcd528499fc37c4ea68c6b87774d2d22893a69e7b5b7344b227e16da0064af33/all_floors.csv
FloorplanTest290425,301,https://media.rightmove.co.uk/87k/86777/159196154/86777_KNA230135_FLP_00_0000.jpeg,https://floorsbucket.s3.eu-north-1.amazonaws.com/processed_images_folder/user_FloorplanTest290425_property_301/floorid_f5ada163654f13b9381e64ef3797688667023ccdf76f3214708b1a1921b6ee4a/all_floors.csv
FloorplanTest290425,298,https://media.rightmove.co.uk/267k/266045/156762020/266045_S1179014_FLP_00_0001.jpeg,https://floorsbucket.s3.eu-north-1.amazonaws.com/processed_images_folder/user_FloorplanTest290425_property_298/floorid_30260919d30a69b7c5368a22d919b6ef63a467c8609dfb0a8c937b5ba4fc1a3f/all_floors.csv
FloorplanTest290425,300,https://media.rightmove.co.uk/13k/12929/159234959/12929_PWCCC_689390_FLP_00_0000.jpeg,https://floorsbucket.s3.eu-north-1.amazonaws.com/processed_images_folder/user_FloorplanTest290425_property_300/floorid_07143fbd756254012e58427fda2c73c580ef03ab37b5c956666dcac82dc99cc5/all_floors.csv
FloorplanTest290425,306,https://media.rightmove.co.uk/38k/37958/159212486/37958_a1n8d000000i6qSAAQ_FLP_00_0000.jpeg,https://floorsbucket.s3.eu-north-1.amazonaws.com/processed_images_folder/user_FloorplanTest290425_property_306/floorid_05466655d1a6366a64b66c2f31e40e9a0e3d96e70dc3c931d2536d0e7f125e91/all_floors.csv
FloorplanTest290425,308,https://media.rightmove.co.uk/179k/178409/159201143/178409_S1231714_FLP_00_0000.png,https://floorsbucket.s3.eu-north-1.amazonaws.com/processed_images_folder/user_FloorplanTest290425_property_308/floorid_01e54877a1b490473d83ccbafd42d53bd8e4c27df2b04e964fcc8aabb62ee5a8/all_floors.csv
FloorplanTest290425,305,https://media.rightmove.co.uk/30k/29132/159193673/29132_33710580_FLP_00_0000.jpeg,https://floorsbucket.s3.eu-north-1.amazonaws.com/processed_images_folder/user_FloorplanTest290425_property_305/floorid_c5027de9209832a3a7f4dd35e25c83c963ddc35c55a8f4bd9d48edc80588851f/all_floors.csv
FloorplanTest290425,309,https://media.rightmove.co.uk/10k/9040/158713406/9040_WOK250152_FLP_00_0000.jpeg,https://floorsbucket.s3.eu-north-1.amazonaws.com/processed_images_folder/user_FloorplanTest290425_property_309/floorid_3c87a0de77b9f72e802cf4e082f07cf92f7c22582c2b6f77d5559ef5c9f1d77a/all_floors.csv
FloorplanTest290425,310,https://media.rightmove.co.uk/74k/73282/159284969/73282_10330_SR4U_FLP_00_0000.jpeg,https://floorsbucket.s3.eu-north-1.amazonaws.com/processed_images_folder/user_FloorplanTest290425_property_310/floorid_5df7bbd55b0821a6ab23f808076b4a2a6f8068a220d75a1ef932dbdc405bb632/all_floors.csv
FloorplanTest290425,311,https://media.rightmove.co.uk/30k/29132/159280595/29132_33727934_FLP_00_0000.jpeg,https://floorsbucket.s3.eu-north-1.amazonaws.com/processed_images_folder/user_FloorplanTest290425_property_311/floorid_77518a4d3d76bbf8c8dc74932541d654500b24feccaa2529e90d379c5e4874ee/all_floors.csv
FloorplanTest290425,307,https://media.rightmove.co.uk/1k/682/159205643/682_WIM250069_FLP_00_0000.jpeg,https://floorsbucket.s3.eu-north-1.amazonaws.com/processed_images_folder/user_FloorplanTest290425_property_307/floorid_49bf3fbe10bc8e618726c4335dd54b920b5b031b6e8d66987949aa9578573ec2/all_floors.csv
FloorplanTest290425,312,https://media.rightmove.co.uk/8k/7152/155984222/7152_9da2e98b-57d8-4e0b-9f3c-b61d2307c846_FLP_00_0000.png,https://floorsbucket.s3.eu-north-1.amazonaws.com/processed_images_folder/user_FloorplanTest290425_property_312/floorid_0a97266c5f06638cfeb9ad31f4c5811e6eae4dcb3879896683c48bba8d57c54b/all_floors.csv
FloorplanTest290425,314,https://media.rightmove.co.uk/267k/266045/148071167/266045_S950908_FLP_00_0000.jpeg,https://floorsbucket.s3.eu-north-1.amazonaws.com/processed_images_folder/user_FloorplanTest290425_property_314/floorid_94f89ececb495f85efd48c5e05a5a4f7bd47cee2a05f05b29c38dc9d87b4847d/all_floors.csv
FloorplanTest290425,317,https://media.rightmove.co.uk/272k/271250/159339404/271250_S1241396_FLP_00_0000.jpeg,https://floorsbucket.s3.eu-north-1.amazonaws.com/processed_images_folder/user_FloorplanTest290425_property_317/floorid_d4c1efa11c7817641452fa688ee8e0c88d6573bb86536c69755d7d2d3e58d3b1/all_floors.csv
FloorplanTest290425,313,https://media.rightmove.co.uk/2k/1983/159267707/1983_BIT111758_FLP_00_0000.jpeg,https://floorsbucket.s3.eu-north-1.amazonaws.com/processed_images_folder/user_FloorplanTest290425_property_313/floorid_97f9fa2b4745f0d8aa6f77e48d7b694161c8d54c97ec41ba980800ddf239b07b/all_floors.csv
FloorplanTest290425,319,https://media.rightmove.co.uk/38k/37958/159358367/37958_a1nQ500000JU71CIAT_FLP_00_0000.jpeg,https://floorsbucket.s3.eu-north-1.amazonaws.com/processed_images_folder/user_FloorplanTest290425_property_319/floorid_6ea2a3e8c8f8159d330696b12056d6d331b278bf1efd876600e0d700a6f4b7a4/all_floors.csv
FloorplanTest290425,303,https://media.rightmove.co.uk/41k/40310/157990805/40310_33661605_FLP_00_0000.jpeg,https://floorsbucket.s3.eu-north-1.amazonaws.com/processed_images_folder/user_FloorplanTest290425_property_303/floorid_d2ad7ab54b47354c93ffa20beaa4dc42b7a144e56fb3c047338533281f41e41c/all_floors.csv
FloorplanTest290425,320,https://media.rightmove.co.uk/34k/33563/159380876/33563_WIN250109_FLP_00_0000.jpeg,https://floorsbucket.s3.eu-north-1.amazonaws.com/processed_images_folder/user_FloorplanTest290425_property_320/floorid_e1ebb88a0f6207dcc1062eaa967e262b733cf415200415f7cacba0eb97cc80c9/all_floors.csv
FloorplanTest290425,331,https://media.rightmove.co.uk/81k/80211/159751598/80211_100540005086_FLP_00_0000.png,https://floorsbucket.s3.eu-north-1.amazonaws.com/processed_images_folder/user_FloorplanTest290425_property_331/floorid_0f1fdbc4ee36b999074178473bc087c192ae5632065ed9535728eee104a7aade/all_floors.csv
FloorplanTest290425,325,https://media.rightmove.co.uk/8k/7669/159380969/7669_6248_FLP_00_0001.jpeg,https://floorsbucket.s3.eu-north-1.amazonaws.com/processed_images_folder/user_FloorplanTest290425_property_325/floorid_d6967bf1526f237e3b63e813484f0fc6ec4d1b60c4e9bfaa006b3d7f84897e1e/all_floors.csv
FloorplanTest290425,332,https://media.rightmove.co.uk/85k/84878/155257670/84878_33524696_FLP_00_0001.jpeg,https://floorsbucket.s3.eu-north-1.amazonaws.com/processed_images_folder/user_FloorplanTest290425_property_332/floorid_a6b95cfe5b46ee8988622e9212a082f23185eccc7132d6edbcf0525aebc3f864/all_floors.csv
FloorplanTest290425,316,https://media.rightmove.co.uk/219k/218294/159249638/218294_S1232894_FLP_00_0000.jpeg,https://floorsbucket.s3.eu-north-1.amazonaws.com/processed_images_folder/user_FloorplanTest290425_property_316/floorid_d93a0b7aae37cfc5dba40d262d4a30d37aa8ce0c1391cc71c5b540f46ba94ace/all_floors.csv
FloorplanTest290425,333,https://media.rightmove.co.uk/18k/17780/87114834/17780_WBF210409_FLP_00_0000.jpeg,https://floorsbucket.s3.eu-north-1.amazonaws.com/processed_images_folder/user_FloorplanTest290425_property_333/floorid_e9a78798fd0c1e5792963fb480dd55b2a9097fa0160a495a8a08b505a3a7f9f4/all_floors.csv
FloorplanTest290425,321,https://media.rightmove.co.uk/103k/102539/159356759/102539_e624d1af-573b-4559-8fdf-c33e57823024_FLP_00_0000.jpeg,https://floorsbucket.s3.eu-north-1.amazonaws.com/processed_images_folder/user_FloorplanTest290425_property_321/floorid_799ed35dc88f88dad029019a83f27ea34c321ebf4e84afc08ca5f7518f51637e/all_floors.csv
FloorplanTest290425,327,https://media.rightmove.co.uk/18k/17780/159359456/17780_WBF250056_FLP_00_0000.jpeg,https://floorsbucket.s3.eu-north-1.amazonaws.com/processed_images_folder/user_FloorplanTest290425_property_327/floorid_0bafe224ce5e9cbdfb3625265d2631c48aca117d1fc1899861d56851a3af6c8b/all_floors.csv
FloorplanTest290425,334,https://media.rightmove.co.uk/179k/178409/159753059/178409_S1252000_FLP_00_0000.jpeg,https://floorsbucket.s3.eu-north-1.amazonaws.com/processed_images_folder/user_FloorplanTest290425_property_334/floorid_30edfaa742f607028c03f88fe77fb79231066ed3be8a26d726978863c98ac0dc/all_floors.csv
FloorplanTest290425,322,https://media.rightmove.co.uk/40k/39072/159385874/39072_WOK250206_FLP_00_0000.jpeg,https://floorsbucket.s3.eu-north-1.amazonaws.com/processed_images_folder/user_FloorplanTest290425_property_322/floorid_1c997e2fcd3d58aecdc90f6f8d2499ad7b8e09f31f835da50dd3653f28f6e271/all_floors.csv
FloorplanTest290425,328,https://media.rightmove.co.uk/12k/11612/155332328/11612_BUR240271_FLP_00_0000.png,https://floorsbucket.s3.eu-north-1.amazonaws.com/processed_images_folder/user_FloorplanTest290425_property_328/floorid_e94cc17ee8b5bb24a18767c8ab0809fd8af04e6249be980193464147d5c5eeb1/all_floors.csv
FloorplanTest290425,335,https://media.rightmove.co.uk/40k/39671/151914251/39671_FOUWO_653259_FLP_00_0000.png,https://floorsbucket.s3.eu-north-1.amazonaws.com/processed_images_folder/user_FloorplanTest290425_property_335/floorid_92975603e05b77e0242b06f88a968033be773b850decb2fb384fd477c1084ce6/all_floors.csv
FloorplanTest290425,318,https://media.rightmove.co.uk/96k/95626/159326408/95626_2265943_FLP_00_0000.jpeg,https://floorsbucket.s3.eu-north-1.amazonaws.com/processed_images_folder/user_FloorplanTest290425_property_318/floorid_a7ed9490a4d0d64ae6fa5056f393c4b716af2eb9b0e7c17e4baf5aa4869b873f/all_floors.csv
FloorplanTest290425,323,https://media.rightmove.co.uk/40k/39671/159369272/39671_FOUWO_685934_FLP_00_0000.jpeg,https://floorsbucket.s3.eu-north-1.amazonaws.com/processed_images_folder/user_FloorplanTest290425_property_323/floorid_9609ea9151b4366ad45e89591b85d5c71d4be899a0773f8f69a23fa8dd5eba28/all_floors.csv
FloorplanTest290425,337,https://media.rightmove.co.uk/272k/271250/87124500/271250_S1252546_FLP_00_0000.jpeg,https://floorsbucket.s3.eu-north-1.amazonaws.com/processed_images_folder/user_FloorplanTest290425_property_337/floorid_6fad1cfb777c85e0e2462e31a6fbde425ed867e0004d638b772b1fa4a17af4bd/all_floors.csv
FloorplanTest290425,340,https://media.rightmove.co.uk/72k/71947/159804539/71947_0bb852cc-1e65-4f40-80b6-dc4772c6a6fd_FLP_00_0000.jpeg,https://floorsbucket.s3.eu-north-1.amazonaws.com/processed_images_folder/user_FloorplanTest290425_property_340/floorid_a4c852b9da1af5efcb283ad061a54f85aff1180f55d074a967ae41823020a598/all_floors.csv
FloorplanTest290425,342,https://media.rightmove.co.uk/8k/7153/156971483/7153_PULWE_674992_FLP_00_0000.jpeg,https://floorsbucket.s3.eu-north-1.amazonaws.com/processed_images_folder/user_FloorplanTest290425_property_342/floorid_a6a8ca8c6f5b084dfb1b37b0a513f736af2af4f5292f1857275bd3809c5a4826/all_floors.csv
FloorplanTest290425,343,https://media.rightmove.co.uk/49k/48698/159789851/48698_WES250013_FLP_00_0000.jpeg,https://floorsbucket.s3.eu-north-1.amazonaws.com/processed_images_folder/user_FloorplanTest290425_property_343/floorid_1832e31ad9103ce90da63ac0462499776756b62187f701d0b5c09880adfe5842/all_floors.csv
FloorplanTest290425,348,https://media.rightmove.co.uk/27k/26204/159851741/26204_33769001_FLP_00_0000.jpeg,https://floorsbucket.s3.eu-north-1.amazonaws.com/processed_images_folder/user_FloorplanTest290425_property_348/floorid_8e34386dc1595c977389d7e3c26b4f344db9871358a9493bcf9d5a71742d3f11/all_floors.csv
FloorplanTest290425,357,https://media.rightmove.co.uk/25k/24902/159944000/24902_5749236_FLP_00_0000.png,https://floorsbucket.s3.eu-north-1.amazonaws.com/processed_images_folder/user_FloorplanTest290425_property_357/floorid_3e9ed04d5b7e958f44b3f4459093ba5bb4003fb55457e40193c0bcd2211482af/all_floors.csv
FloorplanTest290425,349,https://media.rightmove.co.uk/278k/277880/159852158/277880_260944_FLP_00_0000.png,https://floorsbucket.s3.eu-north-1.amazonaws.com/processed_images_folder/user_FloorplanTest290425_property_349/floorid_d1c3453205f53649fe52b7001a055dbe90487bb3a743af07f7449ecf9d00898e/all_floors.csv
FloorplanTest290425,358,https://media.rightmove.co.uk/36k/35126/159954443/35126_GFD250395_FLP_00_0000.jpeg,https://floorsbucket.s3.eu-north-1.amazonaws.com/processed_images_folder/user_FloorplanTest290425_property_358/floorid_883795a95752c7c82dd8295076e2d83005c2921f72d0220191f21d308129b368/all_floors.csv
FloorplanTest290425,350,https://media.rightmove.co.uk/38k/37958/159915851/37958_a1nQ500000KHyfYIAT_FLP_00_0000.jpeg,https://floorsbucket.s3.eu-north-1.amazonaws.com/processed_images_folder/user_FloorplanTest290425_property_350/floorid_3faa1e5165916345b5d887960bc9953c95da466db1b431cc2d603ac9b434efa4/all_floors.csv
FloorplanTest290425,359,https://media.rightmove.co.uk/12k/11612/157158725/11612_BUR230217_FLP_00_0001.jpeg,https://floorsbucket.s3.eu-north-1.amazonaws.com/processed_images_folder/user_FloorplanTest290425_property_359/floorid_851b98ed08ee41a9a979aa18c45e59dba4ce1087f5ec6912469226c1c1e94e7f/all_floors.csv
FloorplanTest290425,351,https://media.rightmove.co.uk/204k/203807/157163843/203807_389464_FLP_00_0000.jpeg,https://floorsbucket.s3.eu-north-1.amazonaws.com/processed_images_folder/user_FloorplanTest290425_property_351/floorid_19262d04a3f361d91b831cc6f1e2aefcd374a6b72d3ac2133d7d014686f3bd51/all_floors.csv
FloorplanTest290425,330,https://media.rightmove.co.uk/170k/169772/87115674/169772_SUR230021_FLP_00_0000.jpeg,https://floorsbucket.s3.eu-north-1.amazonaws.com/processed_images_folder/user_FloorplanTest290425_property_330/floorid_947237582dcdb89f152f9edc2122fd9275806dff4efcee1b5c3a3fdf583a5144/all_floors.csv
FloorplanTest290425,352,https://media.rightmove.co.uk/65k/64272/157604480/64272_BUR250017_FLP_00_0000.jpeg,https://floorsbucket.s3.eu-north-1.amazonaws.com/processed_images_folder/user_FloorplanTest290425_property_352/floorid_65238e06d69be105dbc099102326b66f43282af5ca8d211619f8dd4b64568242/all_floors.csv
FloorplanTest290425,345,https://media.rightmove.co.uk/254k/253016/153380270/253016_S1090513_FLP_00_0000.jpeg,https://floorsbucket.s3.eu-north-1.amazonaws.com/processed_images_folder/user_FloorplanTest290425_property_345/floorid_b3ff60bf6fba9bfb14a6b7f2594d49ac9b51d983f0db178bd06fc4697d8d9412/all_floors.csv
FloorplanTest290425,353,https://media.rightmove.co.uk/65k/64272/151387085/64272_BUR240185_FLP_00_0000.jpeg,https://floorsbucket.s3.eu-north-1.amazonaws.com/processed_images_folder/user_FloorplanTest290425_property_353/floorid_7d6be01641cc74f6a0d671749c33a094bbb79caad9e2727826097342a371b5c1/all_floors.csv
FloorplanTest290425,363,https://media.rightmove.co.uk/91k/90121/159995672/90121_102289002065_FLP_00_0000.png,https://floorsbucket.s3.eu-north-1.amazonaws.com/processed_images_folder/user_FloorplanTest290425_property_363/floorid_de9264a73dc54c692ab453a61998a7420bec79341b191f8eb827177f8d44bd73/all_floors.csv
FloorplanTest290425,354,https://media.rightmove.co.uk/50k/49305/159500330/49305_S1245293_FLP_00_0000.jpeg,https://floorsbucket.s3.eu-north-1.amazonaws.com/processed_images_folder/user_FloorplanTest290425_property_354/floorid_6a61fa9c2c35d48263beb5a9b462b7c60a26ac444da2f8c424e17e7c665b99e0/all_floors.csv
FloorplanTest290425,364,https://media.rightmove.co.uk/26k/25305/159995732/25305_RDS250020_FLP_00_0000.jpeg,https://floorsbucket.s3.eu-north-1.amazonaws.com/processed_images_folder/user_FloorplanTest290425_property_364/floorid_204dd4787b647b6fbbd96d9b4a088956099fdc975567c3f71a578435cd528c1c/all_floors.csv
FloorplanTest290425,347,https://media.rightmove.co.uk/10k/9040/159867827/9040_WOK170940_FLP_00_0000.jpeg,https://floorsbucket.s3.eu-north-1.amazonaws.com/processed_images_folder/user_FloorplanTest290425_property_347/floorid_de6f038c84f5a8d06d0d6f9690d94f9e9a9fd2588d322f1c2c7d608490e4de67/all_floors.csv
FloorplanTest290425,365,https://media.rightmove.co.uk/23k/22316/158449970/22316_33685434_FLP_00_0000.jpeg,https://floorsbucket.s3.eu-north-1.amazonaws.com/processed_images_folder/user_FloorplanTest290425_property_365/floorid_f85e67336c6943e53d3e0854bb33d7f043b53fb4062f4de81c2db01b92c9006a/all_floors.csv
FloorplanTest290425,366,https://media.rightmove.co.uk/85k/84073/157593251/84073_1312423_FLP_00_0005.png,https://floorsbucket.s3.eu-north-1.amazonaws.com/processed_images_folder/user_FloorplanTest290425_property_366/floorid_ef258e2c8e378f30259a77ec78f84782669d63582a78b81dc5357cfb21ba7f41/all_floors.csv
