Property ID,User ID,Property URL,Floorplan URLs
1,2,https://www.rightmove.co.uk/properties/154508327,https://media.rightmove.co.uk/85k/84953/154508327/84953_101291013823_FLP_00_0000.jpeg
2,2,https://www.rightmove.co.uk/properties/157632305,https://media.rightmove.co.uk/16k/15987/157632305/15987_1309699_FLP_00_0001.png
3,2,https://www.rightmove.co.uk/properties/157624415,https://media.rightmove.co.uk/97k/96368/157624415/96368_HOR240273_FLP_00_0000.jpeg
4,2,https://www.rightmove.co.uk/properties/157637849,https://media.rightmove.co.uk/15k/14113/157637849/14113_CWG250004_FLP_00_0000.gif
6,2,https://www.rightmove.co.uk/properties/87080874,https://media.rightmove.co.uk/5k/4172/87080874/4172_100031013581_FLP_00_0000.png
7,2,https://www.rightmove.co.uk/properties/158149802,https://media.rightmove.co.uk/12k/11612/158149802/11612_BUR100211_FLP_00_0000.jpeg
8,2,https://www.rightmove.co.uk/properties/158149382,https://media.rightmove.co.uk/16k/15436/158149382/15436_28698681_FLP_00_0000.jpeg
9,2,https://www.rightmove.co.uk/properties/158112233,https://media.rightmove.co.uk/20k/19212/158112233/19212_RIP210257_FLP_00_0000.jpeg
10,2,https://www.rightmove.co.uk/properties/158119058,https://media.rightmove.co.uk/49k/48698/158119058/48698_WES200087_FLP_00_0000.jpeg
11,8,https://www.rightmove.co.uk/properties/87080874,https://media.rightmove.co.uk/5k/4172/87080874/4172_100031013581_FLP_00_0000.png
12,8,https://www.rightmove.co.uk/properties/158149802,https://media.rightmove.co.uk/12k/11612/158149802/11612_BUR100211_FLP_00_0000.jpeg
13,8,https://www.rightmove.co.uk/properties/158149382,https://media.rightmove.co.uk/16k/15436/158149382/15436_28698681_FLP_00_0000.jpeg
14,8,https://www.rightmove.co.uk/properties/158112233,https://media.rightmove.co.uk/20k/19212/158112233/19212_RIP210257_FLP_00_0000.jpeg
15,8,https://www.rightmove.co.uk/properties/158119058,https://media.rightmove.co.uk/49k/48698/158119058/48698_WES200087_FLP_00_0000.jpeg
17,8,https://www.rightmove.co.uk/properties/158281094,https://media.rightmove.co.uk/18k/17973/158281094/17973_WNS250031_FLP_00_0000.jpeg
18,8,https://www.rightmove.co.uk/properties/158285186,https://media.rightmove.co.uk/34k/33563/158285186/33563_WIN190557_FLP_00_0000.jpeg
19,8,https://www.rightmove.co.uk/properties/158261315,https://media.rightmove.co.uk/20k/19212/158261315/19212_RIP210132_FLP_00_0000.jpeg
20,8,https://www.rightmove.co.uk/properties/157665278,https://media.rightmove.co.uk/151k/150398/157665278/150398_MOD103295_FLP_00_0000.jpeg
21,8,https://www.rightmove.co.uk/properties/152943413,https://media.rightmove.co.uk/16k/15984/152943413/15984_1220188_FLP_00_0000.png
22,8,https://www.rightmove.co.uk/properties/158262095,https://media.rightmove.co.uk/10k/9040/158262095/9040_WOK240569_FLP_00_0000.jpeg
23,8,https://www.rightmove.co.uk/properties/156244094,https://media.rightmove.co.uk/3k/2083/156244094/2083_SOU116672_FLP_00_0000.jpeg
24,8,https://www.rightmove.co.uk/properties/157114469,https://media.rightmove.co.uk/16k/15436/157114469/15436_28607650_FLP_00_0000.jpeg
25,8,https://www.rightmove.co.uk/properties/158264951,https://media.rightmove.co.uk/12k/11612/158264951/11612_BUR240187_FLP_00_0000.jpeg
26,8,https://www.rightmove.co.uk/properties/158256791,https://media.rightmove.co.uk/50k/49305/158256791/49305_S1209360_FLP_00_0000.jpeg
27,8,https://www.rightmove.co.uk/properties/158034488,https://media.rightmove.co.uk/162k/161522/158034488/161522_HPA240537_FLP_00_0000.jpeg
28,8,https://www.rightmove.co.uk/properties/158322299,https://media.rightmove.co.uk/272k/271565/158322299/271565_S1155015_FLP_00_0000.png
31,8,https://www.rightmove.co.uk/properties/158366828,https://media.rightmove.co.uk/49k/48620/158366828/48620_CLV744732_FLP_00_0000.jpeg
33,8,https://www.rightmove.co.uk/properties/154759076,https://media.rightmove.co.uk/8k/7153/154759076/7153_PULWE_503323_FLP_00_0000.jpeg
34,8,https://www.rightmove.co.uk/properties/158352755,https://media.rightmove.co.uk/87k/86777/158352755/86777_KNA250072_FLP_00_0000.jpeg
35,8,https://www.rightmove.co.uk/properties/158352788,https://media.rightmove.co.uk/10k/9040/158352788/9040_WOK250078_FLP_00_0000.jpeg
36,8,https://www.rightmove.co.uk/properties/151894088,https://media.rightmove.co.uk/27k/26249/151894088/26249_33338480_FLP_00_0000.jpeg
37,8,https://www.rightmove.co.uk/properties/158353511,https://media.rightmove.co.uk/37k/36239/158353511/36239_GUS250022_FLP_00_0000.jpeg
38,8,https://www.rightmove.co.uk/properties/158354267,https://media.rightmove.co.uk/254k/253016/158354267/253016_S1211586_FLP_00_0000.jpeg
39,8,https://www.rightmove.co.uk/properties/157156604,https://media.rightmove.co.uk/37k/36239/157156604/36239_GUS240366_FLP_00_0000.jpeg
40,8,https://www.rightmove.co.uk/properties/158389037,https://media.rightmove.co.uk/103k/102539/158389037/102539_a2567e7b-9ed6-4396-8d3d-bd3e4ff01df9_FLP_00_0000.png
41,8,https://www.rightmove.co.uk/properties/158420027,https://media.rightmove.co.uk/16k/15984/158420027/15984_1314093_FLP_00_0000.png
43,8,https://www.rightmove.co.uk/properties/156809111,https://media.rightmove.co.uk/69k/68971/156809111/68971_GUI220347_FLP_00_0000.png
44,8,https://www.rightmove.co.uk/properties/158399288,https://media.rightmove.co.uk/58k/57272/158399288/57272_1314651_FLP_00_0000.png
46,8,https://www.rightmove.co.uk/properties/158391395,https://media.rightmove.co.uk/41k/40310/158391395/40310_33681716_FLP_00_0000.jpeg
48,2,https://www.rightmove.co.uk/properties/158443409,https://media.rightmove.co.uk/238k/237116/158443409/237116_1629_FLP_00_0000.jpeg
50,8,https://www.rightmove.co.uk/properties/158607725,https://media.rightmove.co.uk/97k/96368/158607725/96368_HOR240204_FLP_00_0000.jpeg
51,8,https://www.rightmove.co.uk/properties/158608553,https://media.rightmove.co.uk/87k/86777/158608553/86777_KNA230145_FLP_00_0000.png
52,8,https://www.rightmove.co.uk/properties/158619977,https://media.rightmove.co.uk/10k/9040/158619977/9040_WOK180891_FLP_00_0000.jpeg
53,8,https://www.rightmove.co.uk/properties/158614079,https://media.rightmove.co.uk/12k/11612/158614079/11612_BUR240316_FLP_00_0000.jpeg
54,8,https://www.rightmove.co.uk/properties/158648825,https://media.rightmove.co.uk/85k/84800/158648825/84800_33695969_FLP_00_0000.jpeg
55,8,https://www.rightmove.co.uk/properties/152076377,https://media.rightmove.co.uk/239k/238265/152076377/238265_S1064575_FLP_00_0000.jpeg
56,8,https://www.rightmove.co.uk/properties/157632305,https://media.rightmove.co.uk/16k/15987/157632305/15987_1309699_FLP_00_0000.png
58,10,https://www.rightmove.co.uk/properties/158508347,https://media.rightmove.co.uk/55k/54899/158508347/54899_ef2e3c45-d5d0-4ca3-b7fe-718d5542617c_FLP_00_0000.jpeg
59,8,https://www.rightmove.co.uk/properties/158701067,https://media.rightmove.co.uk/87k/86777/158701067/86777_KNA220532_FLP_00_0000.jpeg
61,8,https://www.rightmove.co.uk/properties/153638363,https://media.rightmove.co.uk/108k/107488/153638363/107488_Eaton_FLP_00_0000.jpeg
62,8,https://www.rightmove.co.uk/properties/153045062,https://media.rightmove.co.uk/43k/42806/153045062/42806_CNM190286_FLP_00_0000.gif
63,8,https://www.rightmove.co.uk/properties/158680274,https://media.rightmove.co.uk/15k/14113/158680274/14113_CWG240438_FLP_00_0000.gif
64,8,https://www.rightmove.co.uk/properties/154099181,https://media.rightmove.co.uk/192k/191324/154099181/191324_RX393509_FLP_00_0000.jpeg
65,8,https://www.rightmove.co.uk/properties/156380834,https://media.rightmove.co.uk/96k/95626/156380834/95626_2301046_FLP_00_0000.gif
66,8,https://www.rightmove.co.uk/properties/158165240,https://media.rightmove.co.uk/16k/15436/158165240/15436_28700965_FLP_00_0000.jpeg
70,8,https://www.rightmove.co.uk/properties/155520179,https://media.rightmove.co.uk/10k/9040/155520179/9040_WOK230854_FLP_00_0000.jpeg
71,8,https://www.rightmove.co.uk/properties/156296654,https://media.rightmove.co.uk/10k/9040/156296654/9040_WOK140970_FLP_00_0001.jpeg
72,8,https://www.rightmove.co.uk/properties/129727139,https://media.rightmove.co.uk/47k/46386/129727139/46386_100723003636_FLP_00_0000.png
73,8,https://www.rightmove.co.uk/properties/158743841,https://media.rightmove.co.uk/34k/33563/158743841/33563_WIN250007_FLP_00_0000.jpeg
74,8,https://www.rightmove.co.uk/properties/158736590,https://media.rightmove.co.uk/34k/33563/158736590/33563_WIN140205_FLP_00_0000.jpeg
75,8,https://www.rightmove.co.uk/properties/158248280,https://media.rightmove.co.uk/5k/4905/158248280/4905_WOA130226_FLP_00_0000.jpeg
76,8,https://www.rightmove.co.uk/properties/157156637,https://media.rightmove.co.uk/72k/71947/157156637/71947_50a56668-a934-4512-a8e9-c5c11fbe441c_FLP_00_0000.jpeg
77,8,https://www.rightmove.co.uk/properties/158790029,https://media.rightmove.co.uk/38k/37979/158790029/37979_a1nQ500000JCn0QIAT_FLP_00_0000.jpeg
79,8,https://www.rightmove.co.uk/properties/156909515,https://media.rightmove.co.uk/27k/26249/156909515/26249_33606329_FLP_00_0000.jpeg
80,8,https://www.rightmove.co.uk/properties/158856674,https://media.rightmove.co.uk/18k/17973/158856674/17973_WNS150353_FLP_00_0000.jpeg
81,8,https://www.rightmove.co.uk/properties/157624415,https://media.rightmove.co.uk/97k/96368/157624415/96368_HOR240273_FLP_00_0000.jpeg
82,8,https://www.rightmove.co.uk/properties/152138696,https://media.rightmove.co.uk/42k/41075/152138696/41075_GLD190269_FLP_00_0008.png, https://media.rightmove.co.uk/42k/41075/152138696/41075_GLD190269_FLP_01_0008.png
84,8,https://www.rightmove.co.uk/properties/158827763,https://media.rightmove.co.uk/72k/71774/158827763/71774_WIN210249_FLP_00_0000.jpeg
85,8,https://www.rightmove.co.uk/properties/158818088,https://media.rightmove.co.uk/10k/9040/158818088/9040_WOK230790_FLP_00_0000.png
87,8,https://www.rightmove.co.uk/properties/158812739,https://media.rightmove.co.uk/36k/35126/158812739/35126_GFD240202_FLP_00_0000.jpeg
88,8,https://www.rightmove.co.uk/properties/157463864,https://media.rightmove.co.uk/16k/15987/157463864/15987_1311733_FLP_00_0000.png
89,8,https://www.rightmove.co.uk/properties/158878478,https://media.rightmove.co.uk/96k/95626/158878478/95626_2228138_FLP_00_0000.gif
90,8,https://www.rightmove.co.uk/properties/158876666,https://media.rightmove.co.uk/50k/49305/158876666/49305_S701192_FLP_00_0000.jpeg
92,8,https://www.rightmove.co.uk/properties/158865065,https://media.rightmove.co.uk/12k/11612/158865065/11612_BUR230044_FLP_00_0000.jpeg
94,13,https://www.rightmove.co.uk/properties/154508327,https://media.rightmove.co.uk/85k/84953/154508327/84953_101291013823_FLP_00_0000.jpeg
95,13,https://www.rightmove.co.uk/properties/158578211,https://media.rightmove.co.uk/22k/21035/158578211/21035_298_FLP_00_0000.jpeg
98,13,https://www.rightmove.co.uk/properties/158839058,https://media.rightmove.co.uk/237k/236363/158839058/236363_TUF220082_L_FLP_00_0000.png
99,13,https://www.rightmove.co.uk/properties/119094005,https://media.rightmove.co.uk/33k/32772/119094005/32772_000001356b_FLP_00_0000.jpeg
100,13,https://www.rightmove.co.uk/properties/158861873,https://media.rightmove.co.uk/55k/54616/158861873/54616_DAN200221_L_FLP_00_0000.jpeg
101,2,https://www.rightmove.co.uk/properties/158578211,https://media.rightmove.co.uk/22k/21035/158578211/21035_298_FLP_00_0000.jpeg
102,8,https://www.rightmove.co.uk/properties/158045549,https://media.rightmove.co.uk/10k/9040/158045549/9040_WOK250008_FLP_00_0000.jpeg
104,8,https://www.rightmove.co.uk/properties/155448824,https://media.rightmove.co.uk/150k/149153/155448824/149153_1305563_FLP_00_0000.png
105,8,https://www.rightmove.co.uk/properties/159073013,https://media.rightmove.co.uk/85k/84800/159073013/84800_33720515_FLP_00_0000.jpeg
108,8,https://www.rightmove.co.uk/properties/159080636,https://media.rightmove.co.uk/20k/19212/159080636/19212_RIP240053_FLP_00_0000.jpeg
109,8,https://www.rightmove.co.uk/properties/159078620,https://media.rightmove.co.uk/50k/49305/159078620/49305_S1229078_FLP_00_0000.jpeg
110,8,https://www.rightmove.co.uk/properties/158593118,https://media.rightmove.co.uk/80k/79575/158593118/79575_ESTAT_000685_FLP_00_0000.jpeg
112,8,https://www.rightmove.co.uk/properties/159117539,https://media.rightmove.co.uk/8k/7819/159117539/7819_PWECC_688089_FLP_00_0000.jpeg
114,8,https://www.rightmove.co.uk/properties/159161258,https://media.rightmove.co.uk/40k/39671/159161258/39671_FOUWO_690177_FLP_00_0000.jpeg
115,8,https://www.rightmove.co.uk/properties/159160715,https://media.rightmove.co.uk/16k/15987/159160715/15987_1315911_FLP_00_0000.png
116,8,https://www.rightmove.co.uk/properties/159151595,https://media.rightmove.co.uk/49k/48970/159151595/48970_WMS250049_FLP_00_0000.jpeg
117,8,https://www.rightmove.co.uk/properties/159138725,https://media.rightmove.co.uk/27k/26204/159138725/26204_33723895_FLP_00_0000.jpeg
118,8,https://www.rightmove.co.uk/properties/159142460,https://media.rightmove.co.uk/36k/35126/159142460/35126_GFD250254_FLP_00_0000.jpeg
119,8,https://www.rightmove.co.uk/properties/159141125,https://media.rightmove.co.uk/36k/35126/159141125/35126_GFD130078_FLP_00_0000.jpeg
120,8,https://www.rightmove.co.uk/properties/159146288,https://media.rightmove.co.uk/12k/11612/159146288/11612_BUR240269_IMG_10_0000.jpeg, https://media.rightmove.co.uk/12k/11612/159146288/11612_BUR240269_IMG_11_0000.jpeg, https://media.rightmove.co.uk/12k/11612/159146288/11612_BUR240269_IMG_17_0000.jpeg, https://media.rightmove.co.uk/12k/11612/159146288/11612_BUR240269_FLP_00_0000.jpeg
121,8,https://www.rightmove.co.uk/properties/157620665,https://media.rightmove.co.uk/43k/42800/157620665/42800_CGD250030_FLP_00_0000.gif
123,8,https://www.rightmove.co.uk/properties/154387283,https://media.rightmove.co.uk/72k/71774/154387283/71774_WIN230555_FLP_00_0000.png
125,8,https://www.rightmove.co.uk/properties/156762020,https://media.rightmove.co.uk/267k/266045/156762020/266045_S1179014_FLP_00_0001.jpeg
127,8,https://www.rightmove.co.uk/properties/159224429,https://media.rightmove.co.uk/9k/8777/159224429/8777_HRP240153_FLP_00_0000.jpeg
130,8,https://www.rightmove.co.uk/properties/159234959,https://media.rightmove.co.uk/13k/12929/159234959/12929_PWCCC_689390_FLP_00_0000.jpeg
132,8,https://www.rightmove.co.uk/properties/159196154,https://media.rightmove.co.uk/87k/86777/159196154/86777_KNA230135_FLP_00_0000.jpeg
135,8,https://www.rightmove.co.uk/properties/159215330,https://media.rightmove.co.uk/15k/14113/159215330/14113_CWG250088_FLP_00_0000.gif
136,8,https://www.rightmove.co.uk/properties/157990805,https://media.rightmove.co.uk/41k/40310/157990805/40310_33661605_FLP_00_0000.jpeg
137,8,https://www.rightmove.co.uk/properties/159210671,https://media.rightmove.co.uk/117k/116065/159210671/116065_KIG190064_FLP_00_0000.jpeg
138,8,https://www.rightmove.co.uk/properties/159193673,https://media.rightmove.co.uk/30k/29132/159193673/29132_33710580_FLP_00_0000.jpeg
139,8,https://www.rightmove.co.uk/properties/159212486,https://media.rightmove.co.uk/38k/37958/159212486/37958_a1n8d000000i6qSAAQ_FLP_00_0000.jpeg
140,8,https://www.rightmove.co.uk/properties/159205643,https://media.rightmove.co.uk/1k/682/159205643/682_WIM250069_FLP_00_0000.jpeg
141,8,https://www.rightmove.co.uk/properties/159201143,https://media.rightmove.co.uk/179k/178409/159201143/178409_S1231714_FLP_00_0000.png
142,8,https://www.rightmove.co.uk/properties/158713406,https://media.rightmove.co.uk/10k/9040/158713406/9040_WOK250152_FLP_00_0000.jpeg
143,8,https://www.rightmove.co.uk/properties/159284969,https://media.rightmove.co.uk/74k/73282/159284969/73282_10330_SR4U_FLP_00_0000.jpeg
144,8,https://www.rightmove.co.uk/properties/159280595,https://media.rightmove.co.uk/30k/29132/159280595/29132_33727934_FLP_00_0000.jpeg
145,8,https://www.rightmove.co.uk/properties/155984222,https://media.rightmove.co.uk/8k/7152/155984222/7152_9da2e98b-57d8-4e0b-9f3c-b61d2307c846_FLP_00_0000.png
146,8,https://www.rightmove.co.uk/properties/159267707,https://media.rightmove.co.uk/2k/1983/159267707/1983_BIT111758_FLP_00_0000.jpeg
148,8,https://www.rightmove.co.uk/properties/148071167,https://media.rightmove.co.uk/267k/266045/148071167/266045_S950908_FLP_00_0000.jpeg
149,8,https://www.rightmove.co.uk/properties/159259067,https://media.rightmove.co.uk/8k/7819/159259067/7819_PWECC_682353_FLP_00_0000.jpeg
150,8,https://www.rightmove.co.uk/properties/159249638,https://media.rightmove.co.uk/219k/218294/159249638/218294_S1232894_FLP_00_0000.jpeg
151,8,https://www.rightmove.co.uk/properties/159339404,https://media.rightmove.co.uk/272k/271250/159339404/271250_S1241396_FLP_00_0000.jpeg
152,8,https://www.rightmove.co.uk/properties/159326408,https://media.rightmove.co.uk/96k/95626/159326408/95626_2265943_FLP_00_0000.jpeg
153,8,https://www.rightmove.co.uk/properties/159358367,https://media.rightmove.co.uk/38k/37958/159358367/37958_a1nQ500000JU71CIAT_FLP_00_0000.jpeg
154,8,https://www.rightmove.co.uk/properties/159380876,https://media.rightmove.co.uk/34k/33563/159380876/33563_WIN250109_FLP_00_0000.jpeg
155,8,https://www.rightmove.co.uk/properties/159356759,https://media.rightmove.co.uk/103k/102539/159356759/102539_e624d1af-573b-4559-8fdf-c33e57823024_FLP_00_0000.jpeg
156,8,https://www.rightmove.co.uk/properties/159385874,https://media.rightmove.co.uk/40k/39072/159385874/39072_WOK250206_FLP_01_0000.jpeg, https://media.rightmove.co.uk/40k/39072/159385874/39072_WOK250206_FLP_00_0000.jpeg
157,8,https://www.rightmove.co.uk/properties/159369272,https://media.rightmove.co.uk/40k/39671/159369272/39671_FOUWO_685934_FLP_00_0000.jpeg
158,8,https://www.rightmove.co.uk/properties/159371054,https://media.rightmove.co.uk/40k/39297/159371054/39297_ASL1053979_FLP_00_0000.png, https://media.rightmove.co.uk/40k/39297/159371054/39297_ASL1053979_FLP_01_0000.jpeg
159,8,https://www.rightmove.co.uk/properties/159380969,https://media.rightmove.co.uk/8k/7669/159380969/7669_6248_FLP_00_0000.jpeg
160,8,https://www.rightmove.co.uk/properties/159365894,https://media.rightmove.co.uk/15k/14113/159365894/14113_CWG250074_FLP_00_0000.gif
161,8,https://www.rightmove.co.uk/properties/159359456,https://media.rightmove.co.uk/18k/17780/159359456/17780_WBF250056_FLP_00_0000.jpeg
163,8,https://www.rightmove.co.uk/properties/155332328,https://media.rightmove.co.uk/12k/11612/155332328/11612_BUR240271_FLP_00_0000.png
166,8,https://www.rightmove.co.uk/properties/154222505,https://media.rightmove.co.uk/14k/13985/154222505/13985_CKN240303_FLP_00_0000.gif
167,8,https://www.rightmove.co.uk/properties/87115674,https://media.rightmove.co.uk/170k/169772/87115674/169772_SUR230021_FLP_00_0000.jpeg
168,8,https://www.rightmove.co.uk/properties/159751598,https://media.rightmove.co.uk/81k/80211/159751598/80211_100540005086_FLP_00_0000.png
170,8,https://www.rightmove.co.uk/properties/155257670,https://media.rightmove.co.uk/85k/84878/155257670/84878_33524696_FLP_00_0001.jpeg
171,8,https://www.rightmove.co.uk/properties/87114834,https://media.rightmove.co.uk/18k/17780/87114834/17780_WBF210409_FLP_00_0000.jpeg
172,8,https://www.rightmove.co.uk/properties/159753059,https://media.rightmove.co.uk/179k/178409/159753059/178409_S1252000_FLP_00_0000.jpeg
173,8,https://www.rightmove.co.uk/properties/151914251,https://media.rightmove.co.uk/40k/39671/151914251/39671_FOUWO_653259_FLP_00_0000.png
174,8,https://www.rightmove.co.uk/properties/87124638,https://media.rightmove.co.uk/43k/42800/87124638/42800_CGD250114_FLP_00_0000.gif
175,8,https://www.rightmove.co.uk/properties/87124500,https://media.rightmove.co.uk/272k/271250/87124500/271250_S1252546_FLP_00_0000.jpeg
176,8,https://www.rightmove.co.uk/properties/159748550,https://media.rightmove.co.uk/279k/278687/159748550/278687_S1251871_FLP_00_0000.jpeg
178,8,https://www.rightmove.co.uk/properties/159810020,https://media.rightmove.co.uk/3k/2013/159810020/2013_ELH106477_FLP_00_0000.jpeg
179,8,https://www.rightmove.co.uk/properties/159804539,https://media.rightmove.co.uk/72k/71947/159804539/71947_0bb852cc-1e65-4f40-80b6-dc4772c6a6fd_FLP_00_000>
181,8,https://www.rightmove.co.uk/properties/152406968,https://media.rightmove.co.uk/38k/37958/152406968/37958_a1nQ500000CAM6rIAH_FLP_00_0000.jpeg
182,8,https://www.rightmove.co.uk/properties/156971483,https://media.rightmove.co.uk/8k/7153/156971483/7153_PULWE_674992_FLP_00_0000.jpeg
184,8,https://www.rightmove.co.uk/properties/159789851,https://media.rightmove.co.uk/49k/48698/159789851/48698_WES250013_FLP_00_0000.jpeg
185,8,https://www.rightmove.co.uk/properties/158496335,https://media.rightmove.co.uk/10k/9040/158496335/9040_WOK220794_FLP_00_0000.jpeg
186,8,https://www.rightmove.co.uk/properties/153380270,https://media.rightmove.co.uk/254k/253016/153380270/253016_S1090513_FLP_00_0000.jpeg
188,8,https://www.rightmove.co.uk/properties/159853952,https://media.rightmove.co.uk/37k/36857/159853952/36857_CC789787_FLP_00_0000.jpeg
189,8,https://www.rightmove.co.uk/properties/159867827,https://media.rightmove.co.uk/10k/9040/159867827/9040_WOK170940_FLP_00_0000.jpeg
190,8,https://www.rightmove.co.uk/properties/159851741,https://media.rightmove.co.uk/27k/26204/159851741/26204_33769001_FLP_00_0000.jpeg
191,8,https://www.rightmove.co.uk/properties/159852158,https://media.rightmove.co.uk/278k/277880/159852158/277880_260944_FLP_00_0000.png
192,8,https://www.rightmove.co.uk/properties/159915851,https://media.rightmove.co.uk/38k/37958/159915851/37958_a1nQ500000KHyfYIAT_FLP_00_0000.jpeg
194,8,https://www.rightmove.co.uk/properties/157163843,https://media.rightmove.co.uk/204k/203807/157163843/203807_389464_FLP_00_0000.jpeg
195,8,https://www.rightmove.co.uk/properties/157604480,https://media.rightmove.co.uk/65k/64272/157604480/64272_BUR250017_FLP_00_0000.jpeg
196,8,https://www.rightmove.co.uk/properties/151387085,https://media.rightmove.co.uk/65k/64272/151387085/64272_BUR240185_FLP_00_0000.jpeg
197,8,https://www.rightmove.co.uk/properties/159500330,https://media.rightmove.co.uk/50k/49305/159500330/49305_S1245293_FLP_00_0000.jpeg
198,8,https://www.rightmove.co.uk/properties/159925445,https://media.rightmove.co.uk/12k/11612/159925445/11612_BUR250014_FLP_00_0000.jpeg
199,8,https://www.rightmove.co.uk/properties/159969656,https://media.rightmove.co.uk/85k/84812/159969656/84812_33775748_FLP_00_0000.jpeg
201,8,https://www.rightmove.co.uk/properties/159944000,https://media.rightmove.co.uk/25k/24902/159944000/24902_5749236_FLP_00_0000.png
202,8,https://www.rightmove.co.uk/properties/159954443,https://media.rightmove.co.uk/36k/35126/159954443/35126_GFD250395_FLP_00_0000.jpeg
203,8,https://www.rightmove.co.uk/properties/157158725,https://media.rightmove.co.uk/12k/11612/157158725/11612_BUR230217_FLP_00_0001.jpeg
204,8,https://www.rightmove.co.uk/properties/159574376,https://media.rightmove.co.uk/27k/26249/159574376/26249_33686979_FLP_00_0000.jpeg
205,8,https://www.rightmove.co.uk/properties/159948800,https://media.rightmove.co.uk/14k/13985/159948800/13985_CKN240440_FLP_00_0000.gif
206,8,https://www.rightmove.co.uk/properties/159949064,https://media.rightmove.co.uk/34k/33563/159949064/33563_WIN230190_FLP_00_0000.jpeg
207,8,https://www.rightmove.co.uk/properties/159995672,https://media.rightmove.co.uk/91k/90121/159995672/90121_102289002065_FLP_00_0000.png
208,8,https://www.rightmove.co.uk/properties/159995732,https://media.rightmove.co.uk/26k/25305/159995732/25305_RDS250020_FLP_00_0000.jpeg
209,8,https://www.rightmove.co.uk/properties/158449970,https://media.rightmove.co.uk/23k/22316/158449970/22316_33685434_FLP_00_0000.jpeg
210,2,https://www.rightmove.co.uk/properties/157593251,https://media.rightmove.co.uk/85k/84073/157593251/84073_1312423_FLP_00_0001.png