property_id,user_id,floorplan_id,area_name,square_meters,square_feet,total_floors,total_named_rooms,total_segments,total_points,total_objects,total_door_objects,total_window_objects,total_stair_objects,list_of_objects,total_actual_pixels,metric_scale,imperial_scale,input_image_tokens,input_text_tokens,output_text_tokens,created_at
rightmove2345,supersami54567,key,Approximate Gross Internal Area = 290.6 sq m / 3128 sq ft (Including Garage),290.6,3128.0,2,21,19,178,59,23,20,3,"['door', 'door', 'door', 'door', 'door', 'door', 'door', 'door2', 'stair', 'stair', 'bathtub', 'bathtub', 'vanity', 'toilet_bowl', 'toilet_bowl', 'window', 'window', 'window', 'window', 'vanity', 'bathtub', 'door2', 'door2', 'door', 'door2', 'door', 'door', 'door', 'door', 'door', 'door', 'door', 'door', 'door', 'door', 'door', 'stair', 'stove', 'sink', 'window', 'sink', 'window', 'toilet_bowl', 'window', 'window', 'vanity', 'window', 'window', 'window', 'window', 'window', 'window', 'window', 'window', 'window', 'vanity', 'window', 'window', 'window']",1209951.0,0.00024017501535186138,0.0025852286580200353,5355,17353,3122,2025-04-04T22:07:04.120130+00:00
rightmove2345,supersami54567,95468f6b16ab24c20153b76b38f22adcd111d90e86b5ad8f1c6858b44fb01f4b,Approximate Gross Internal Area = 290.6 sq m / 3128 sq ft (Including Garage),290.6,3128.0,2,20,19,178,59,23,20,3,"['door', 'door', 'door', 'door', 'door', 'door', 'door', 'door2', 'stair', 'stair', 'bathtub', 'bathtub', 'vanity', 'toilet_bowl', 'toilet_bowl', 'window', 'window', 'window', 'window', 'vanity', 'bathtub', 'door2', 'door2', 'door', 'door2', 'door', 'door', 'door', 'door', 'door', 'door', 'door', 'door', 'door', 'door', 'door', 'stair', 'stove', 'sink', 'window', 'sink', 'window', 'toilet_bowl', 'window', 'window', 'vanity', 'window', 'window', 'window', 'window', 'window', 'window', 'window', 'window', 'window', 'vanity', 'window', 'window', 'window']",1209951.0,0.00024017501535186138,0.0025852286580200353,5355,17276,2933,2025-04-04T22:07:04.120130+00:00
rightmove2345,supersami54567,95468f6b16ab24c20153b76b38f22adcd111d90e86b5ad8f1c6858b44fb01f4b,Total Floor Area (Calculated),290.6,3128.0,2,20,19,178,59,23,20,3,"['door', 'door', 'door', 'door', 'door', 'door', 'door', 'door2', 'stair', 'stair', 'bathtub', 'bathtub', 'vanity', 'toilet_bowl', 'toilet_bowl', 'window', 'window', 'window', 'window', 'vanity', 'bathtub', 'door2', 'door2', 'door', 'door2', 'door', 'door', 'door', 'door', 'door', 'door', 'door', 'door', 'door', 'door', 'door', 'stair', 'stove', 'sink', 'window', 'sink', 'window', 'toilet_bowl', 'window', 'window', 'vanity', 'window', 'window', 'window', 'window', 'window', 'window', 'window', 'window', 'window', 'vanity', 'window', 'window', 'window']",1209951.0,0.00024017501535186138,0.0025852286580200353,5355,17276,2933,2025-04-04T22:07:04.120130+00:00
samiprop1234,sami1234,ec4395a429b5726e8c6d93d3e28d95d2ae58b7962e0c3e8cd8017ac11ab220ea,Approximate Floor Area = 497 sq ft / 46.2 sq m including limited use area (7 sq ft / 0.7 sq m),46.2,497.0,1,5,5,42,16,5,5,0,"['door', 'door', 'door', 'door', 'door', 'stove', 'sink', 'bathtub', 'vanity', 'toilet_bowl', 'window', 'window', 'window', 'vanity', 'window', 'window']",2096859.5,2.2032949751759716e-05,0.00023702112611741512,3060,6882,714,2025-04-04T22:07:46.199304+00:00
samiprop1234,sami1234,ec4395a429b5726e8c6d93d3e28d95d2ae58b7962e0c3e8cd8017ac11ab220ea,Total Floor Area (Calculated),46.2,497.0,1,5,5,42,16,5,5,0,"['door', 'door', 'door', 'door', 'door', 'stove', 'sink', 'bathtub', 'vanity', 'toilet_bowl', 'window', 'window', 'window', 'vanity', 'window', 'window']",2096859.5,2.2032949751759716e-05,0.00023702112611741512,3060,6882,714,2025-04-04T22:07:46.199304+00:00
rightmove234,supersami5456,key,Approximate Gross Internal Area = 290.6 sq m / 3128 sq ft (Including Garage),290.6,3128.0,2,21,19,178,59,23,20,3,"['door', 'door', 'door', 'door', 'door', 'door', 'door', 'door2', 'stair', 'stair', 'bathtub', 'bathtub', 'vanity', 'toilet_bowl', 'toilet_bowl', 'window', 'window', 'window', 'window', 'vanity', 'bathtub', 'door2', 'door2', 'door', 'door2', 'door', 'door', 'door', 'door', 'door', 'door', 'door', 'door', 'door', 'door', 'door', 'stair', 'stove', 'sink', 'window', 'sink', 'window', 'toilet_bowl', 'window', 'window', 'vanity', 'window', 'window', 'window', 'window', 'window', 'window', 'window', 'window', 'window', 'vanity', 'window', 'window', 'window']",1209951.0,0.00024017501535186138,0.0025852286580200353,5355,17258,2983,2025-04-04T22:09:15.220751+00:00
rightmove234,supersami5456,key,Total Floor Area (Calculated),290.6,3128.0,2,21,19,178,59,23,20,3,"['door', 'door', 'door', 'door', 'door', 'door', 'door', 'door2', 'stair', 'stair', 'bathtub', 'bathtub', 'vanity', 'toilet_bowl', 'toilet_bowl', 'window', 'window', 'window', 'window', 'vanity', 'bathtub', 'door2', 'door2', 'door', 'door2', 'door', 'door', 'door', 'door', 'door', 'door', 'door', 'door', 'door', 'door', 'door', 'stair', 'stove', 'sink', 'window', 'sink', 'window', 'toilet_bowl', 'window', 'window', 'vanity', 'window', 'window', 'window', 'window', 'window', 'window', 'window', 'window', 'window', 'vanity', 'window', 'window', 'window']",1209951.0,0.00024017501535186138,0.0025852286580200353,5355,17258,2983,2025-04-04T22:09:15.220751+00:00
3,2347033588400,key,Approximate Area: 1278 sq ft / 118.7 sq m,118.7,1278.0,,,,,,,,,,,,,,,,2025-04-04T22:10:56.577123+00:00
101,2347033588400,key,Total Floor Area (Calculated),57.84,622.58,1,5,5,46,13,4,4,0,"['door', 'door', 'door', 'door', 'stove', 'vanity', 'toilet_bowl', 'bathtub', 'window', 'window', 'window', 'window', 'sink']",2374450.0,2.4359325317441935e-05,0.0002621996672913728,3060,6490,730,2025-04-04T22:11:46.932204+00:00
26,8,9dd4f7fa4f9af56499c0313cabc113a9fc3f00aba89637c9a76270651e107306,1st Floor: Approx. Gross Internal Area 50.4 m² ... 543 ft²,50.4,543.0,,,,,,,,,,,,,,,,2025-04-07T13:01:23.129121+00:00
26,8,9dd4f7fa4f9af56499c0313cabc113a9fc3f00aba89637c9a76270651e107306,Total Approx. Gross Internal Area 125.5 m² ... 1351 ft²,125.5,1351.0,2,18,16,112,41,18,9,3,"['door', 'door', 'door', 'door', 'door', 'door', 'door', 'door2', 'stair', 'stair', 'bathtub', 'toilet_bowl', 'shower', 'toilet_bowl', 'vanity', 'window', 'window', 'window', 'window', 'window', 'window', 'vanity', 'toilet_bowl', 'window', 'door', 'door', 'door', 'door', 'door', 'door', 'door', 'door', 'door', 'door-s', 'stair', 'sink', 'toilet_bowl', 'vanity', 'stove', 'window', 'window']",950783.5,0.00013199640086307765,0.0014209333670599038,3315,12707,2893,2025-04-07T13:01:23.129121+00:00
170,447841869529,key,"Total area (approx): 139.3 sq. m (1,499.4 sq. ft) (Excluding Eaves)",139.3,1499.4,4,20,20,151,53,20,18,3,"['door', 'door', 'door', 'door', 'stair', 'toilet_bowl', 'bathtub', 'window', 'window', 'window', 'window', 'window', 'window', 'window', 'window', 'window', 'window', 'vanity', 'door', 'door', 'door', 'door', 'door', 'door', 'door', 'door2', 'door', 'door', 'stair', 'sink', 'sink', 'stove', 'window', 'window', 'window', 'window', 'door', 'door2', 'sink', 'vanity', 'toilet_bowl', 'window', 'door', 'door', 'door2', 'door', 'stair', 'shower', 'vanity', 'toilet_bowl', 'window', 'window', 'window']",1267659.5,0.00010988755261172263,0.001182809737157336,9435,20331,2711,2025-04-04T21:18:29.056703+00:00
170,447841869529,key,Outbuilding: 19.2 sq. m (206.7 sq. ft),19.2,206.7,,,,,,,,,,,,,,,,2025-04-04T21:18:29.056703+00:00
179,447841869529,key,Approximate Total Internal Floor Area: 2170 sq ft - 201.59 sq m (including eaves storage & restricted height area),201.59,2170.0,4,26,23,231,51,21,12,5,"['door', 'door', 'stair', 'stair', 'stair', 'window', 'window', 'window', 'window', 'window', 'door', 'door', 'door', 'door', 'shower', 'door', 'door', 'door', 'door', 'door', 'door', 'door', 'door', 'stair', 'toilet_bowl', 'sink', 'stove', 'vanity', 'window', 'window', 'bed', 'window', 'door', 'door', 'door', 'door', 'door-s', 'door2', 'door-s', 'stair', 'shower', 'shower', 'bathtub', 'toilet_bowl', 'toilet_bowl', 'vanity', 'window', 'vanity', 'window', 'window', 'window']",1120161.0,0.00017996520143086575,0.0019372215244058666,10455,21017,3257,2025-04-04T21:27:03.477778+00:00
179,447841869529,key,Approximate Gross Internal Floor Area of Eaves Storage & Restricted Height: 253 sq ft - 23.52 sq m,23.52,253.0,,,,,,,,,,,,,,,,2025-04-04T21:27:03.477778+00:00
182,447841869529,key,Ground Floor: Approx. 74.8 sq. metres (805.4 sq. feet),74.8,805.4,,,,,,,,,,,,,,,,2025-04-04T21:29:16.672640+00:00
182,447841869529,key,First Floor: Approx. 62.0 sq. metres (667.3 sq. feet),62.0,667.3,,,,,,,,,,,,,,,,2025-04-04T21:29:16.672640+00:00
182,447841869529,key,Total area: approx. 136.8 sq. metres (1472.7 sq. feet),136.8,1472.7,2,17,16,125,45,18,14,3,"['door', 'door', 'door', 'door', 'door', 'door', 'door', 'door2', 'door2', 'door2', 'door2', 'door-s', 'stair', 'stair', 'bathtub', 'bathtub', 'toilet_bowl', 'vanity', 'toilet_bowl', 'vanity', 'window', 'window', 'window', 'window', 'window', 'window', 'window', 'door', 'door', 'door', 'door', 'door', 'door', 'stair', 'sink', 'toilet_bowl', 'vanity', 'stove', 'window', 'window', 'window', 'window', 'window', 'window', 'window']",1134649.0,0.00012056591950462215,0.0012979344272986625,3825,13848,2881,2025-04-04T21:29:16.672640+00:00
184,447841869529,key,Gross Internal Area (Approx.) 1808 sq ft / 168.0 sq m,168.0,1808.0,,,,,,,,,,,,,,,,2025-04-04T21:31:14.228081+00:00
184,447841869529,key,Annex (Approx.) 239 sq ft / 22.23 sq m,22.23,239.0,,,,,,,,,,,,,,,,2025-04-04T21:31:14.228081+00:00
184,447841869529,key,Total (Approx.) 2047 sq ft / 190.23 sq m,190.23,2047.0,3,22,21,193,58,24,12,4,"['door', 'door', 'door', 'door', 'door', 'door', 'door', 'door', 'door2', 'door2', 'door2', 'door2', 'stair', 'stair', 'stair', 'bathtub', 'bathtub', 'bathtub', 'shower', 'toilet_bowl', 'toilet_bowl', 'toilet_bowl', 'window', 'window', 'window', 'vanity', 'vanity', 'window', 'window', 'vanity', 'window', 'window', 'door', 'door', 'door', 'toilet_bowl', 'window', 'vanity', 'window', 'shower', 'door', 'door', 'door2', 'door', 'door2', 'door', 'door', 'door', 'door', 'stair', 'sink', 'toilet_bowl', 'stove', 'vanity', 'window', 'window', 'window', 'vanity']",781537.0,0.00024340498274553858,0.00261919781149197,9180,19529,2815,2025-04-04T21:31:14.228081+00:00
185,447841869529,key,Gross Internal Floor Area: 134.8 m2 ... 1450.0 ft2,134.8,1450.0,3,22,22,158,43,18,11,4,"['door', 'door', 'door', 'door', 'door', 'door', 'door', 'door2', 'door2', 'stair', 'stair', 'shower', 'bathtub', 'toilet_bowl', 'toilet_bowl', 'window', 'vanity', 'vanity', 'window', 'window', 'window', 'window', 'window', 'window', 'door', 'door', 'door2', 'door2', 'door', 'door', 'door', 'door2', 'door', 'stair', 'stair', 'sink', 'stove', 'toilet_bowl', 'vanity', 'window', 'window', 'window', 'window']",1285700.5,0.00010484556862193024,0.0011277898701913859,9690,19689,2532,2025-04-04T21:33:17.145823+00:00
172,447841869529,key,Approximate Gross Internal Area 1808 sq ft - 168 sq m,168.0,1808.0,,,,,,,,,,,,,,,,2025-04-04T22:19:30.883321+00:00
172,447841869529,key,Ground Floor Area 1153 sq ft - 107 sq m,107.0,1153.0,,,,,,,,,,,,,,,,2025-04-04T22:19:30.883321+00:00
172,447841869529,key,First Floor Area 655 sq ft - 61 sq m,61.0,655.0,,,,,,,,,,,,,,,,2025-04-04T22:19:30.883321+00:00
173,447841869529,key,Ground Floor: approx 56.1 sq. metres (604.3 sq. feet),56.1,604.3,,,,,,,,,,,,,,,,2025-04-04T22:21:49.885761+00:00
173,447841869529,key,First Floor: approx 56.4 sq. metres (606.9 sq. feet),56.4,606.9,,,,,,,,,,,,,,,,2025-04-04T22:21:49.885761+00:00
173,447841869529,key,Total area: approx 112.5 sq. metres (1211.2 sq. feet),112.5,1211.2,2,13,13,113,41,14,12,4,"['door', 'door', 'door', 'door', 'door', 'door', 'door', 'door2', 'stair', 'stair', 'shower', 'bathtub', 'toilet_bowl', 'toilet_bowl', 'vanity', 'window', 'vanity', 'window', 'window', 'window', 'window', 'window', 'window', 'door', 'door', 'door', 'door', 'door', 'door2', 'stair', 'stair', 'toilet_bowl', 'stove', 'sink', 'vanity', 'window', 'window', 'window', 'window', 'window', 'shower']",1578008.5,7.129239164427821e-05,0.000767549731195998,5355,13188,1858,2025-04-04T22:21:49.885761+00:00
175,447841869529,key,Approximate Gross Internal Area: 177.5 sq m / 1911 sq ft,177.5,1911.0,,,,,,,,,,,,,,,,2025-04-04T22:23:38.594087+00:00
185,447841869529,key,Total Floor Area (Calculated),134.8,1450.0,3,22,22,158,43,18,11,4,"['door', 'door', 'door', 'door', 'door', 'door', 'door', 'door2', 'door2', 'stair', 'stair', 'shower', 'bathtub', 'toilet_bowl', 'toilet_bowl', 'window', 'vanity', 'vanity', 'window', 'window', 'window', 'window', 'window', 'window', 'door', 'door', 'door2', 'door2', 'door', 'door', 'door', 'door2', 'door', 'stair', 'stair', 'sink', 'stove', 'toilet_bowl', 'vanity', 'window', 'window', 'window', 'window']",1285700.5,0.00010484556862193024,0.0011277898701913859,9690,19689,2532,2025-04-04T21:33:17.145823+00:00
188,447841869529,key,Approximate Gross Internal Area 1432 sq ft - 133 sq m (Including Garage),133.0,1432.0,,,,,,,,,,,,,,,,2025-04-04T21:36:32.275017+00:00
188,447841869529,key,Garage 19'9 x 10'1 6.02 x 3.08m,18.54,199.1,,,,,,,,,,,,,,,,2025-04-04T21:36:32.275017+00:00
188,447841869529,key,Utility 4'9 x 3'2 1.45 x 0.96m,1.39,15.5,,,,,,,,,,,,,,,,2025-04-04T21:36:32.275017+00:00
188,447841869529,key,Kitchen/Living/Dining Room 21'4 x 16'3 6.49 x 4.96m,32.18,346.4,,,,,,,,,,,,,,,,2025-04-04T21:36:32.275017+00:00
188,447841869529,key,Lounge 13'4 x 11'10 4.07 x 3.60m,14.65,157.6,,,,,,,,,,,,,,,,2025-04-04T21:36:32.275017+00:00
188,447841869529,key,Bedroom Two 11'11 x 8'7 3.63 x 2.62m,9.51,102.3,,,,,,,,,,,,,,,,2025-04-04T21:36:32.275017+00:00
188,447841869529,key,Master Bedroom 12'5 x 11'11 3.79 x 3.64m,13.8,148.5,,,,,,,,,,,,,,,,2025-04-04T21:36:32.275017+00:00
188,447841869529,key,Bedroom Four 9'5 x 7'10 2.87 x 2.39m,6.86,73.9,,,,,,,,,,,,,,,,2025-04-04T21:36:32.275017+00:00
188,447841869529,key,Bedroom Three 11'10 x 8'7 3.60 x 2.62m,9.43,101.5,,,,,,,,,,,,,,,,2025-04-04T21:36:32.275017+00:00
188,447841869529,key,Total Floor Area (Calculated),239.36,2576.8,2,16,15,130,38,16,9,3,"['door', 'door', 'door', 'door', 'door', 'door', 'door', 'stair', 'stair', 'shower', 'vanity', 'toilet_bowl', 'toilet_bowl', 'vanity', 'bathtub', 'window', 'window', 'window', 'window', 'window', 'door', 'door', 'door2', 'door', 'door', 'door', 'door', 'door', 'door2', 'stair', 'sink', 'vanity', 'stove', 'toilet_bowl', 'window', 'window', 'window', 'window']",1568508.5,0.0001526035721196283,0.0016428345781996081,6375,15119,2532,2025-04-04T21:36:32.275017+00:00
189,447841869529,key,Approximate Gross Internal Area,146.7,1579.0,,,,,,,,,,,,,,,,2025-04-04T21:38:10.679965+00:00
189,447841869529,key,Main House: 1389 sq. ft (129.05 sq. m),129.05,1389.0,,,,,,,,,,,,,,,,2025-04-04T21:38:10.679965+00:00
189,447841869529,key,Garage: 190 sq. ft (17.65 sq. m),17.65,190.0,,,,,,,,,,,,,,,,2025-04-04T21:38:10.679965+00:00
189,447841869529,key,Total Floor Area (Calculated),293.4,3158.0,2,23,21,156,53,26,14,2,"['door', 'door', 'door', 'door', 'door', 'door', 'door2', 'door', 'door', 'door', 'door2', 'door', 'door2', 'door2', 'door-s', 'door-s', 'stair', 'bathtub', 'window', 'toilet_bowl', 'vanity', 'window', 'vanity', 'window', 'window', 'window', 'shower', 'door', 'door', 'door', 'door', 'door', 'door', 'door', 'door', 'door', 'door2', 'stair', 'sink', 'stove', 'sink', 'toilet_bowl', 'window', 'window', 'window', 'window', 'window', 'window', 'window', 'sink', 'window', 'window', 'vanity']",1189935.0,0.00024656808985364743,0.002653926474975524,7905,16754,2645,2025-04-04T21:38:10.679965+00:00
191,447841869529,key,Total Floor Area: 151.8 sq.m (1634 sq.ft.) approx,151.8,1634.0,2,14,14,81,41,20,10,2,"['door', 'door', 'door', 'door', 'door', 'stair', 'toilet_bowl', 'window', 'vanity', 'window', 'window', 'window', 'window', 'window', 'bathtub', 'window', 'door2', 'door2', 'door', 'door', 'door', 'door', 'door', 'door', 'door2', 'door', 'door', 'door', 'door', 'door2', 'door2', 'stair', 'stove', 'sink', 'toilet_bowl', 'stove', 'window', 'window', 'vanity', 'window', 'bathtub']",57298.5,0.002649284012670489,0.02851732593348866,5355,11738,2054,2025-04-04T21:39:10.272802+00:00
192,447841869529,key,Approximate Area,189.3,2038.0,,,,,,,,,,,,,,,,2025-04-04T21:41:57.878927+00:00
192,447841869529,key,Outbuilding,5.3,57.0,,,,,,,,,,,,,,,,2025-04-04T21:41:57.878927+00:00
192,447841869529,key,Total,194.6,2095.0,3,22,21,204,48,21,11,4,"['door', 'door', 'door', 'door', 'door2', 'door', 'door2', 'door2', 'stair', 'stair', 'bathtub', 'vanity', 'toilet_bowl', 'window', 'window', 'window', 'window', 'shower', 'door2', 'door2', 'door', 'door', 'door', 'door2', 'door', 'door', 'door', 'door', 'door', 'stair', 'sink', 'vanity', 'toilet_bowl', 'stove', 'window', 'window', 'sink', 'window', 'bathtub', 'window', 'window', 'window', 'door', 'door', 'stair', 'shower', 'vanity', 'window']",1136054.0,0.0001712946743728731,0.001844102481044035,9690,20884,2929,2025-04-04T21:41:57.878927+00:00
194,447841869529,key,Ground Floor,85.5,921.0,2,13,12,107,31,12,11,3,"['door', 'door', 'door', 'door', 'door', 'door', 'door', 'stair', 'bathtub', 'toilet_bowl', 'window', 'window', 'window', 'vanity', 'window', 'window', 'door2', 'door', 'door', 'door', 'door', 'stair', 'stair', 'stove', 'sink', 'window', 'window', 'window', 'window', 'window', 'window']",460496.0,0.00018566936520621243,0.002000017372572183,3825,12485,2151,2025-04-04T21:43:03.464046+00:00
194,447841869529,key,Restricted height,7.2,77.0,,,,,,,,,,,,,,,,2025-04-04T21:43:03.464046+00:00
194,447841869529,key,Total floor area: approx,85.5,921.0,2,13,12,107,31,12,11,3,"['door', 'door', 'door', 'door', 'door', 'door', 'door', 'stair', 'bathtub', 'toilet_bowl', 'window', 'window', 'window', 'vanity', 'window', 'window', 'door2', 'door', 'door', 'door', 'door', 'stair', 'stair', 'stove', 'sink', 'window', 'window', 'window', 'window', 'window', 'window']",460496.0,0.00018566936520621243,0.002000017372572183,3825,12485,2151,2025-04-04T21:43:03.464046+00:00
196,447841869529,key,Approximate Area,244.3,2630.0,,,,,,,,,,,,,,,,2025-04-04T21:45:19.630669+00:00
196,447841869529,key,Garage,31.2,336.0,,,,,,,,,,,,,,,,2025-04-04T21:45:19.630669+00:00
196,447841869529,key,Total,275.5,2966.0,4,29,29,223,84,32,28,4,"['door', 'door', 'door', 'door', 'door', 'door', 'door', 'door', 'door', 'door', 'door-s', 'door2', 'door2', 'door-s', 'door2', 'door2', 'door-s', 'stair', 'stair', 'bathtub', 'bathtub', 'shower', 'toilet_bowl', 'toilet_bowl', 'window', 'vanity', 'window', 'toilet_bowl', 'window', 'vanity', 'window', 'window', 'window', 'window', 'window', 'vanity', 'shower', 'sink', 'door', 'sofa', 'sofa', 'window', 'window', 'door2', 'door', 'door', 'door2', 'door', 'door', 'door', 'door', 'door', 'door', 'door', 'stair', 'sink', 'sink', 'window', 'stove', 'toilet_bowl', 'window', 'window', 'window', 'vanity', 'window', 'window', 'window', 'window', 'window', 'window', 'window', 'window', 'window', 'window', 'window', 'window', 'window', 'window', 'door', 'door', 'door', 'stair', 'toilet_bowl', 'vanity']",603701.0,0.00045635173703538674,0.004913028138101477,10455,24071,3905,2025-04-04T21:45:19.630669+00:00
201,447841869529,key,Approximate Area = 1866 sq ft / 173.3 sq m (excludes covered area),173.3,1866.0,,,,,,,,,,,,,,,,2025-04-04T21:50:18.036574+00:00
201,447841869529,key,Garage = 342 sq ft / 31.8 sq m,31.8,342.0,,,,,,,,,,,,,,,,2025-04-04T21:50:18.036574+00:00
201,447841869529,key,Outbuilding = 168 sq ft / 15.6 sq m,15.6,168.0,,,,,,,,,,,,,,,,2025-04-04T21:50:18.036574+00:00
samiprop1234,sami1234,key,Approximate Floor Area = 497 sq ft / 46.2 sq m including limited use area (7 sq ft / 0.7 sq m),46.2,497.0,1,5,5,42,16,5,5,0,"['door', 'door', 'door', 'door', 'door', 'stove', 'sink', 'bathtub', 'vanity', 'toilet_bowl', 'window', 'window', 'window', 'vanity', 'window', 'window']",2096859.5,2.2032949751759716e-05,0.00023702112611741512,3060,6882,715,2025-04-04T22:07:46.199304+00:00
201,447841869529,key,Total = 2376 sq ft / 220.7 sq m,220.7,2376.0,1,21,20,136,54,25,18,0,"['door2', 'door', 'door', 'door', 'door', 'door', 'door', 'door', 'door', 'door', 'door', 'door', 'door', 'door', 'door', 'door', 'door', 'door', 'door', 'door2', 'door', 'door-s', 'door2', 'door2', 'door', 'bathtub', 'bathtub', 'toilet_bowl', 'sink', 'window', 'window', 'shower', 'window', 'sink', 'toilet_bowl', 'vanity', 'window', 'window', 'window', 'window', 'window', 'window', 'window', 'window', 'window', 'window', 'window', 'toilet_bowl', 'window', 'window', 'window', 'vanity', 'vanity', 'window']",681474.5,0.00032385657863940616,0.003486557457395691,5610,15144,3105,2025-04-04T21:50:18.036574+00:00
202,447841869529,key,Ground Floor Approximate Floor Area,83.0,893.0,,,,,,,,,,,,,,,,2025-04-04T21:52:02.408175+00:00
202,447841869529,key,First Floor Approximate Floor Area,54.0,581.0,,,,,,,,,,,,,,,,2025-04-04T21:52:02.408175+00:00
202,447841869529,key,Second Floor Approximate Floor Area,35.0,377.0,,,,,,,,,,,,,,,,2025-04-04T21:52:02.408175+00:00
202,447841869529,key,Garage Approximate Floor Area,10.0,108.0,,,,,,,,,,,,,,,,2025-04-04T21:52:02.408175+00:00
202,447841869529,key,Total Floor Area (Calculated),182.0,1959.0,3,22,18,210,56,19,23,4,"['door', 'door', 'door', 'door', 'door', 'door', 'stair', 'stair', 'bathtub', 'vanity', 'toilet_bowl', 'window', 'window', 'window', 'window', 'window', 'window', 'window', 'door', 'door', 'door', 'door', 'door', 'door2', 'door', 'door', 'door', 'door-s', 'stair', 'vanity', 'stove', 'toilet_bowl', 'window', 'window', 'sink', 'window', 'window', 'window', 'window', 'window', 'window', 'window', 'window', 'window', 'window', 'door', 'door', 'door', 'stair', 'vanity', 'toilet_bowl', 'bathtub', 'window', 'window', 'window', 'window']",788318.5,0.0002308711516982032,0.0024850361877845058,6630,17729,3367,2025-04-04T21:52:02.408175+00:00
203,447841869529,key,Approximate Area: 942 sq ft / 87.5 sq m,87.5,942.0,,,,,,,,,,,,,,,,2025-04-04T21:53:34.042885+00:00
203,447841869529,key,Limited Use Area(s): 132 sq ft / 12.2 sq m,12.2,132.0,,,,,,,,,,,,,,,,2025-04-04T21:53:34.042885+00:00
203,447841869529,key,Garage: 152 sq ft / 14.1 sq m,14.1,152.0,,,,,,,,,,,,,,,,2025-04-04T21:53:34.042885+00:00
203,447841869529,key,Outbuildings: 39 sq ft / 3.6 sq m,3.6,39.0,,,,,,,,,,,,,,,,2025-04-04T21:53:34.042885+00:00
203,447841869529,key,Total: 1265 sq ft / 117.4 sq m,117.4,1265.0,4,16,16,136,41,15,13,5,"['door', 'door', 'door', 'door', 'door', 'stair', 'stair', 'stair', 'toilet_bowl', 'vanity', 'window', 'bathtub', 'window', 'window', 'window', 'shower', 'door', 'sofa', 'sofa', 'door', 'door', 'door', 'door2', 'door', 'door', 'stair', 'sink', 'stove', 'window', 'window', 'window', 'window', 'window', 'window', 'window', 'door', 'door', 'door', 'stair', 'window', 'window']",824985.0,0.00014230561767789718,0.0015333612126281085,6885,18146,2441,2025-04-04T21:53:34.042885+00:00
140,447841869529,key,Approximate Floor Area: 144.9 sq m / 1560 sq ft (Excluding Eaves / Shed),144.9,1560.0,3,20,18,200,45,17,12,4,"['door', 'door', 'door', 'door', 'stair', 'shower', 'toilet_bowl', 'bathtub', 'window', 'window', 'window', 'window', 'window', 'window', 'door2', 'door', 'door', 'door', 'door', 'door', 'door', 'door', 'door-s', 'door', 'stair', 'sink', 'stove', 'vanity', 'toilet_bowl', 'window', 'window', 'window', 'window', 'shower', 'door', 'door', 'door', 'stair', 'stair', 'vanity', 'toilet_bowl', 'window', 'window', 'bathtub', 'shower']",864796.0,0.00016755396648458133,0.0018038936350306893,8160,18014,2734,2025-04-04T21:57:11.239736+00:00
140,447841869529,key,Total Floor Area (Calculated),144.9,1560.0,3,20,18,200,45,17,12,4,"['door', 'door', 'door', 'door', 'stair', 'shower', 'toilet_bowl', 'bathtub', 'window', 'window', 'window', 'window', 'window', 'window', 'door2', 'door', 'door', 'door', 'door', 'door', 'door', 'door', 'door-s', 'door', 'stair', 'sink', 'stove', 'vanity', 'toilet_bowl', 'window', 'window', 'window', 'window', 'shower', 'door', 'door', 'door', 'stair', 'stair', 'vanity', 'toilet_bowl', 'window', 'window', 'bathtub', 'shower']",864796.0,0.00016755396648458133,0.0018038936350306893,8160,18014,2734,2025-04-04T21:57:11.239736+00:00
207,447841869529,key,Ground Floor: approx 526 sq.ft (48.9 sq.m),48.9,526.0,,,,,,,,,,,,,,,,2025-04-04T21:59:58.190846+00:00
207,447841869529,key,1st Floor: approx 443 sq.ft (41.2 sq.m),41.2,443.0,,,,,,,,,,,,,,,,2025-04-04T21:59:58.190846+00:00
207,447841869529,key,Total Floor Area: approx 969 sq.ft (90.1 sq.m),90.1,969.0,1,16,15,149,25,10,7,2,"['door', 'door', 'door', 'door', 'door', 'door', 'door', 'door', 'door', 'door', 'stair', 'stair', 'bathtub', 'sink', 'vanity', 'toilet_bowl', 'window', 'window', 'window', 'window', 'window', 'window', 'window', 'vanity', 'toilet_bowl']",2157046.5,4.177007774287666e-05,0.0004492253644045226,4080,11411,2343,2025-04-04T21:59:58.190846+00:00
208,447841869529,key,Ground Floor: approx 103.53 sq metres (1114.22 sq feet),103.53,1114.22,,,,,,,,,,,,,,,,2025-04-04T22:02:09.336129+00:00
208,447841869529,key,First Floor: approx 94.92 sq metres (1021.4 sq feet),94.92,1021.4,,,,,,,,,,,,,,,,2025-04-04T22:02:09.336129+00:00
208,447841869529,key,Garden Room,0.0,0.0,,,,,,,,,,,,,,,,2025-04-04T22:02:09.336129+00:00
208,447841869529,key,Total area: approx 196.6 sq metres (2115.7 sq feet),196.6,2115.7,3,25,25,208,65,32,18,2,"['door2', 'door2', 'door', 'door', 'door2', 'door', 'door2', 'door2', 'door', 'door', 'door', 'door', 'door2', 'door', 'door', 'door', 'door', 'door', 'door', 'stair', 'bathtub', 'shower', 'toilet_bowl', 'shower', 'toilet_bowl', 'vanity', 'window', 'window', 'vanity', 'toilet_bowl', 'vanity', 'window', 'window', 'window', 'window', 'window', 'window', 'door2', 'window', 'window', 'door2', 'door2', 'door', 'door', 'door', 'door', 'door', 'door', 'door', 'door', 'door', 'door', 'stair', 'stove', 'toilet_bowl', 'sink', 'vanity', 'window', 'window', 'window', 'window', 'window', 'window', 'window', 'window']",1024575.0,0.00019188443988971037,0.002064953761315667,9690,21199,3217,2025-04-04T22:02:09.336129+00:00
209,447841869529,key,Approximate Area = 1474 sq ft / 137 sq m,137.0,1474.0,3,22,20,165,60,22,15,4,"['door', 'door', 'door2', 'door', 'door', 'stair', 'stair', 'shower', 'shower', 'toilet_bowl', 'vanity', 'vanity', 'toilet_bowl', 'window', 'window', 'window', 'window', 'window', 'door2', 'door', 'door', 'door', 'door', 'door', 'door', 'door', 'door', 'door2', 'stair', 'toilet_bowl', 'shower', 'sink', 'toilet_bowl', 'vanity', 'window', 'window', 'vanity', 'window', 'window', 'door', 'door', 'door', 'door', 'door', 'door-s', 'door-s', 'stair', 'bathtub', 'bathtub', 'vanity', 'toilet_bowl', 'vanity', 'window', 'window', 'window', 'window', 'toilet_bowl', 'vanity', 'window', 'window']",370733.5,0.0003695376867750015,0.003975901827053666,9690,18348,2173,2025-04-04T22:03:50.234350+00:00
209,447841869529,key,Total Floor Area (Calculated),137.0,1474.0,3,22,20,165,60,22,15,4,"['door', 'door', 'door2', 'door', 'door', 'stair', 'stair', 'shower', 'shower', 'toilet_bowl', 'vanity', 'vanity', 'toilet_bowl', 'window', 'window', 'window', 'window', 'window', 'door2', 'door', 'door', 'door', 'door', 'door', 'door', 'door', 'door', 'door2', 'stair', 'toilet_bowl', 'shower', 'sink', 'toilet_bowl', 'vanity', 'window', 'window', 'vanity', 'window', 'window', 'door', 'door', 'door', 'door', 'door', 'door-s', 'door-s', 'stair', 'bathtub', 'bathtub', 'vanity', 'toilet_bowl', 'vanity', 'window', 'window', 'window', 'window', 'toilet_bowl', 'vanity', 'window', 'window']",370733.5,0.0003695376867750015,0.003975901827053666,9690,18348,2173,2025-04-04T22:03:50.234350+00:00
rightmove2345,supersami54567,key,Total Floor Area (Calculated),290.6,3128.0,2,21,19,178,59,23,20,3,"['door', 'door', 'door', 'door', 'door', 'door', 'door', 'door2', 'stair', 'stair', 'bathtub', 'bathtub', 'vanity', 'toilet_bowl', 'toilet_bowl', 'window', 'window', 'window', 'window', 'vanity', 'bathtub', 'door2', 'door2', 'door', 'door2', 'door', 'door', 'door', 'door', 'door', 'door', 'door', 'door', 'door', 'door', 'door', 'stair', 'stove', 'sink', 'window', 'sink', 'window', 'toilet_bowl', 'window', 'window', 'vanity', 'window', 'window', 'window', 'window', 'window', 'window', 'window', 'window', 'window', 'vanity', 'window', 'window', 'window']",1209951.0,0.00024017501535186138,0.0025852286580200353,5355,17353,3122,2025-04-04T22:07:04.120130+00:00
samiprop1234,sami1234,key,Total Floor Area (Calculated),46.2,497.0,1,5,5,42,16,5,5,0,"['door', 'door', 'door', 'door', 'door', 'stove', 'sink', 'bathtub', 'vanity', 'toilet_bowl', 'window', 'window', 'window', 'vanity', 'window', 'window']",2096859.5,2.2032949751759716e-05,0.00023702112611741512,3060,6882,715,2025-04-04T22:07:46.199304+00:00
3,2347033588400,key,Office = 99 sq ft / 9.1 sq m,9.1,99.0,,,,,,,,,,,,,,,,2025-04-04T22:10:56.577123+00:00
3,2347033588400,key,Total = 1377 sq ft / 128 sq m,128.0,1377.0,3,18,18,151,46,19,15,2,"['door', 'door', 'door', 'door', 'door', 'door', 'door2', 'door-s', 'stair', 'vanity', 'window', 'window', 'window', 'window', 'window', 'window', 'toilet_bowl', 'window', 'bathtub', 'shower', 'window', 'door', 'door', 'door', 'door', 'door', 'door', 'door', 'door', 'door2', 'door', 'stair', 'sink', 'shower', 'sink', 'stove', 'vanity', 'toilet_bowl', 'window', 'window', 'window', 'window', 'window', 'door', 'window', 'window']",867999.0,0.0001474656076792715,0.0015864073576121632,8670,18094,2408,2025-04-04T22:10:56.577123+00:00
101,2347033588400,key,2nd Floor,28.92,311.29,,,,,,,,,,,,,,,,2025-04-04T22:11:46.932204+00:00
101,2347033588400,key,APPROX. GROSS INTERNAL FLOOR AREA,28.92,311.29,,,,,,,,,,,,,,,,2025-04-04T22:11:46.932204+00:00
167,447841869529,key,Approximate Area = 1268 sq ft / 117.8 sq m,117.8,1268.0,,,,,,,,,,,,,,,,2025-04-04T22:13:17.193231+00:00
167,447841869529,key,Limited Use Area(s) = 97 sq ft / 9 sq m,9.0,97.0,,,,,,,,,,,,,,,,2025-04-04T22:13:17.193231+00:00
167,447841869529,key,Total = 1365 sq ft / 126.8 sq m,126.8,1365.0,3,17,17,142,41,14,11,5,"['door', 'door', 'door', 'door', 'stair', 'stair', 'vanity', 'window', 'window', 'window', 'bathtub', 'window', 'toilet_bowl', 'shower', 'door', 'door', 'door', 'door', 'stair', 'sink', 'stove', 'window', 'window', 'window', 'window', 'window', 'sofa', 'bed', 'door', 'door', 'door', 'door', 'door2', 'door-s', 'stair', 'stair', 'vanity', 'window', 'window', 'toilet_bowl', 'vanity']",708914.5,0.00017886501122490794,0.0019254790246214458,8160,16045,2227,2025-04-04T22:13:17.193231+00:00
168,447841869529,key,Ground Floor: approx 134.0 sq m / 1442 sq ft,134.0,1442.0,3,21,18,180,34,13,9,3,"['door', 'door', 'door2', 'stair', 'bathtub', 'toilet_bowl', 'vanity', 'window', 'window', 'window', 'window', 'door', 'door', 'door', 'door', 'door', 'door', 'door', 'door', 'stair', 'stove', 'sink', 'toilet_bowl', 'window', 'window', 'vanity', 'window', 'door', 'door', 'stair', 'toilet_bowl', 'window', 'sink', 'window']",989330.5,0.00013544513183410398,0.0014575513440655068,10200,19616,2241,2025-04-04T22:15:11.074768+00:00
168,447841869529,key,Total Floor Area (Calculated),134.0,1442.0,3,21,18,180,34,13,9,3,"['door', 'door', 'door2', 'stair', 'bathtub', 'toilet_bowl', 'vanity', 'window', 'window', 'window', 'window', 'door', 'door', 'door', 'door', 'door', 'door', 'door', 'door', 'stair', 'stove', 'sink', 'toilet_bowl', 'window', 'window', 'vanity', 'window', 'door', 'door', 'stair', 'toilet_bowl', 'window', 'sink', 'window']",989330.5,0.00013544513183410398,0.0014575513440655068,10200,19616,2241,2025-04-04T22:15:11.074768+00:00
172,447841869529,key,Total Floor Area (Calculated),336.0,3616.0,2,36,31,188,63,31,18,3,"['door', 'door', 'door', 'door', 'door', 'door', 'door', 'door', 'door', 'door', 'door', 'door', 'door2', 'door2', 'stair', 'stair', 'bathtub', 'sink', 'toilet_bowl', 'toilet_bowl', 'vanity', 'vanity', 'window', 'window', 'window', 'window', 'window', 'window', 'window', 'door', 'door', 'door', 'door', 'door', 'door', 'door', 'door', 'door', 'door', 'door', 'door', 'door', 'door', 'door2', 'door2', 'door-s', 'stair', 'stove', 'sink', 'window', 'window', 'window', 'vanity', 'toilet_bowl', 'window', 'window', 'window', 'window', 'window', 'window', 'window', 'bed', 'window']",580415.0,0.0005788961346622675,0.006230025068270117,14025,24318,2976,2025-04-04T22:19:30.883321+00:00
171,447841869529,key,Approximate Area: 1398 sq ft / 129.8 sq m,129.8,1398.0,,,,,,,,,,,,,,,,2025-04-04T22:20:33.761733+00:00
171,447841869529,key,Outbuildings: 233 sq ft / 21.6 sq m,21.6,233.0,,,,,,,,,,,,,,,,2025-04-04T22:20:33.761733+00:00
171,447841869529,key,Total: 1631 sq ft / 151.4 sq m,151.4,1631.0,2,10,10,65,23,10,6,1,"['door', 'door', 'door', 'door', 'door', 'door2', 'door', 'door', 'door-s', 'stair', 'vanity', 'window', 'toilet_bowl', 'toilet_bowl', 'window', 'bathtub', 'window', 'shower', 'window', 'window', 'window', 'shower', 'door2']",157786.0,0.0009595274612449774,0.010336785266119934,5865,10363,1339,2025-04-04T22:20:33.761733+00:00
175,447841869529,key,Outbuildings: 79.1 sq m / 851 sq ft,79.1,851.0,,,,,,,,,,,,,,,,2025-04-04T22:23:38.594087+00:00
175,447841869529,key,Total: 256.6 sq m / 2762 sq ft,256.6,2762.0,4,20,18,155,69,25,20,2,"['door2', 'door', 'door2', 'sink', 'window', 'window', 'window', 'window', 'window', 'vanity', 'toilet_bowl', 'vanity', 'shower', 'door', 'door', 'bathtub', 'stove', 'toilet_bowl', 'sink', 'vanity', 'window', 'window', 'door', 'door', 'door', 'door', 'door2', 'door', 'door', 'door', 'door', 'door', 'door', 'door', 'door', 'door', 'door2', 'door', 'door-s', 'door', 'door2', 'door2', 'stair', 'stair', 'sink', 'stove', 'toilet_bowl', 'bathtub', 'window', 'vanity', 'window', 'toilet_bowl', 'toilet_bowl', 'window', 'window', 'window', 'window', 'vanity', 'window', 'window', 'window', 'window', 'vanity', 'stove', 'toilet_bowl', 'window', 'window', 'sink', 'window']",598330.5,0.0004288599695318892,0.004616177848195939,7395,19063,3102,2025-04-04T22:23:38.594087+00:00
50,447841869529,key,Approximate Area: 1404 sq ft / 130 sq m,130.0,1404.0,2,17,17,135,43,19,12,2,"['door', 'door', 'door', 'door', 'door', 'door', 'door', 'door', 'stair', 'bathtub', 'bathtub', 'vanity', 'toilet_bowl', 'vanity', 'toilet_bowl', 'window', 'window', 'window', 'window', 'window', 'door', 'door2', 'door2', 'door', 'door', 'door', 'door2', 'door', 'door', 'door', 'door', 'stair', 'sink', 'stove', 'toilet_bowl', 'vanity', 'window', 'window', 'window', 'window', 'window', 'window', 'window']",950600.5,0.00013675566128988991,0.001476961141930811,6375,15458,2233,2025-04-04T22:47:05.554535+00:00
50,447841869529,key,Total Floor Area (Calculated),130.0,1404.0,2,17,17,135,43,19,12,2,"['door', 'door', 'door', 'door', 'door', 'door', 'door', 'door', 'stair', 'bathtub', 'bathtub', 'vanity', 'toilet_bowl', 'vanity', 'toilet_bowl', 'window', 'window', 'window', 'window', 'window', 'door', 'door2', 'door2', 'door', 'door', 'door', 'door2', 'door', 'door', 'door', 'door', 'stair', 'sink', 'stove', 'toilet_bowl', 'vanity', 'window', 'window', 'window', 'window', 'window', 'window', 'window']",950600.5,0.00013675566128988991,0.001476961141930811,6375,15458,2233,2025-04-04T22:47:05.554535+00:00
210,2347033588400,fp1,Approximate Floor Area = 497 sq ft / 46.2 sq m including limited use area (7 sq ft / 0.7 sq m),46.2,497.0,1,5,5,42,16,5,5,0,"['door', 'door', 'door', 'door', 'door', 'stove', 'sink', 'bathtub', 'vanity', 'toilet_bowl', 'window', 'window', 'window', 'vanity', 'window', 'window']",2096859.5,2.2032949751759716e-05,0.00023702112611741512,3060,6882,716,2025-04-06T16:38:09.999826+00:00
210,2347033588400,fp1,Total Floor Area (Calculated),46.2,497.0,1,5,5,42,16,5,5,0,"['door', 'door', 'door', 'door', 'door', 'stove', 'sink', 'bathtub', 'vanity', 'toilet_bowl', 'window', 'window', 'window', 'vanity', 'window', 'window']",2096859.5,2.2032949751759716e-05,0.00023702112611741512,3060,6882,716,2025-04-06T16:38:09.999826+00:00
3,2,0,Approximate Area: 1278 sq ft / 118.7 sq m,118.7,1278.0,,,,,,,,,,,,,,,,2025-04-07T09:02:00.237688+00:00
3,2,0,Office - 99 sq ft / 9.1 sq m,9.1,99.0,,,,,,,,,,,,,,,,2025-04-07T09:02:00.237688+00:00
3,2,0,Total - 1377 sq ft / 128 sq m,128.0,1377.0,3,20,19,156,46,19,15,2,"['door', 'door', 'door', 'door', 'door', 'door', 'door2', 'door-s', 'stair', 'vanity', 'window', 'window', 'window', 'window', 'window', 'window', 'toilet_bowl', 'window', 'bathtub', 'shower', 'window', 'door', 'door', 'door', 'door', 'door', 'door', 'door', 'door', 'door2', 'door', 'stair', 'sink', 'shower', 'sink', 'stove', 'vanity', 'toilet_bowl', 'window', 'window', 'window', 'window', 'window', 'door', 'window', 'window']",896209.5,0.00014282374824190104,0.0015364711041335759,8670,18068,2366,2025-04-07T09:02:00.237688+00:00
6,2,0,Approximate Gross Internal Area: 1312 sq ft / 121.9 sq mt,121.9,1312.0,2,18,16,173,39,17,14,1,"['door', 'door', 'door', 'door', 'door', 'door', 'door', 'door', 'bathtub', 'vanity', 'toilet_bowl', 'window', 'window', 'window', 'window', 'window', 'window', 'window', 'window', 'window', 'door2', 'door2', 'door', 'door', 'door', 'door', 'door', 'door', 'door', 'stair', 'stove', 'vanity', 'toilet_bowl', 'sink', 'window', 'window', 'window', 'window', 'window']",707329.5,0.00017233835150378996,0.0018548639636831207,6375,15801,2458,2025-04-07T09:06:45.430215+00:00
6,2,0,Total Floor Area (Calculated),121.9,1312.0,2,18,16,173,39,17,14,1,"['door', 'door', 'door', 'door', 'door', 'door', 'door', 'door', 'bathtub', 'vanity', 'toilet_bowl', 'window', 'window', 'window', 'window', 'window', 'window', 'window', 'window', 'window', 'door2', 'door2', 'door', 'door', 'door', 'door', 'door', 'door', 'door', 'stair', 'stove', 'vanity', 'toilet_bowl', 'sink', 'window', 'window', 'window', 'window', 'window']",707329.5,0.00017233835150378996,0.0018548639636831207,6375,15801,2458,2025-04-07T09:06:45.430215+00:00
3,2,ca841f32060ef1c934e6b860f6ae926ac1123941d28a8ff5e52555d5160d1944,Approximate Area: 1278 sq ft / 118.7 sq m,118.7,1278.0,,,,,,,,,,,,,,,,2025-04-07T09:02:00.237688+00:00
3,2,ca841f32060ef1c934e6b860f6ae926ac1123941d28a8ff5e52555d5160d1944,Office: 99 sq ft / 9.1 sq m,9.1,99.0,,,,,,,,,,,,,,,,2025-04-07T09:02:00.237688+00:00
3,2,ca841f32060ef1c934e6b860f6ae926ac1123941d28a8ff5e52555d5160d1944,Total: 1377 sq ft / 128 sq m,128.0,1377.0,3,16,16,136,46,19,15,2,"['door', 'door', 'door', 'door', 'door', 'door', 'door2', 'door-s', 'stair', 'vanity', 'window', 'window', 'window', 'window', 'window', 'window', 'toilet_bowl', 'window', 'bathtub', 'shower', 'window', 'door', 'door', 'door', 'door', 'door', 'door', 'door', 'door', 'door2', 'door', 'stair', 'sink', 'shower', 'sink', 'stove', 'vanity', 'toilet_bowl', 'window', 'window', 'window', 'window', 'window', 'door', 'window', 'window']",832006.5,0.00015384495193246687,0.0016550351469609913,8670,18094,2405,2025-04-07T09:02:00.237688+00:00
11,8,fce1b8fe38384413b63707fc4dc09d35da07a2b431ac618dc5c98aa2f185f53e,Approximate Gross Internal Area: 1312 sq ft / 121.9 sq mt,121.9,1312.0,2,18,16,173,39,17,14,1,"['door', 'door', 'door', 'door', 'door', 'door', 'door', 'door', 'bathtub', 'vanity', 'toilet_bowl', 'window', 'window', 'window', 'window', 'window', 'window', 'window', 'window', 'window', 'door2', 'door2', 'door', 'door', 'door', 'door', 'door', 'door', 'door', 'stair', 'stove', 'vanity', 'toilet_bowl', 'sink', 'window', 'window', 'window', 'window', 'window']",707329.5,0.00017233835150378996,0.0018548639636831207,6375,15801,2473,2025-04-07T11:09:04.121276+00:00
11,8,fce1b8fe38384413b63707fc4dc09d35da07a2b431ac618dc5c98aa2f185f53e,Total Floor Area (Calculated),121.9,1312.0,2,18,16,173,39,17,14,1,"['door', 'door', 'door', 'door', 'door', 'door', 'door', 'door', 'bathtub', 'vanity', 'toilet_bowl', 'window', 'window', 'window', 'window', 'window', 'window', 'window', 'window', 'window', 'door2', 'door2', 'door', 'door', 'door', 'door', 'door', 'door', 'door', 'stair', 'stove', 'vanity', 'toilet_bowl', 'sink', 'window', 'window', 'window', 'window', 'window']",707329.5,0.00017233835150378996,0.0018548639636831207,6375,15801,2473,2025-04-07T11:09:04.121276+00:00
12,8,3bbbea3206270f21bb39883b2ad7186b7ea770aceff38c7b2ea56e5e62c4f66a,Outbuilding = 63 sq ft / 5.8 sq m,5.8,63.0,,,,,,,,,,,,,,,,2025-04-07T11:15:38.757321+00:00
10,2,8e3f375d0108eaac7d4d5d3b4eb43fad9d8367beba94abd845e957641d5a8a10,Approximate Gross Internal Area = 216.5 sq m / 2330 sq ft,216.5,2330.0,,,,,,,,,,,,,,,,2025-04-07T11:07:03.319689+00:00
10,2,8e3f375d0108eaac7d4d5d3b4eb43fad9d8367beba94abd845e957641d5a8a10,Garage = 29.7 sq m / 320 sq ft,29.7,320.0,,,,,,,,,,,,,,,,2025-04-07T11:07:03.319689+00:00
12,8,3bbbea3206270f21bb39883b2ad7186b7ea770aceff38c7b2ea56e5e62c4f66a,Garage = 66 sq ft / 6.1 sq m,6.1,66.0,,,,,,,,,,,,,,,,2025-04-07T11:15:38.757321+00:00
10,2,8e3f375d0108eaac7d4d5d3b4eb43fad9d8367beba94abd845e957641d5a8a10,Total = 246.2 sq m / 2650 sq ft,246.2,2650.0,3,27,27,187,69,28,25,2,"['door', 'door', 'door', 'door', 'door', 'door', 'door', 'door', 'door', 'door', 'door', 'door', 'door', 'door', 'stair', 'bathtub', 'bathtub', 'window', 'window', 'toilet_bowl', 'toilet_bowl', 'window', 'toilet_bowl', 'window', 'vanity', 'vanity', 'window', 'vanity', 'window', 'window', 'window', 'window', 'window', 'door', 'window', 'window', 'window', 'door2', 'door2', 'door', 'door2', 'door2', 'door', 'door', 'door', 'door', 'door', 'door', 'door2', 'door', 'stair', 'sink', 'window', 'vanity', 'toilet_bowl', 'window', 'window', 'window', 'vanity', 'window', 'window', 'window', 'window', 'stove', 'window', 'sink', 'window', 'window', 'window']",679517.5,0.0003623159079788232,0.0038998259794633693,11220,22567,3362,2025-04-07T11:07:03.319689+00:00
19,8,89bfcdaf5abeec6c0cd7e86eae9b2face0f5bc0e4377fa7f6b0d2ac2710eb771,Approximate Area: 1641 sq ft / 152.4 sq m,152.4,1641.0,,,,,,,,,,,,,,,,2025-04-07T11:39:01.647137+00:00
19,8,89bfcdaf5abeec6c0cd7e86eae9b2face0f5bc0e4377fa7f6b0d2ac2710eb771,Limited Use Area(s) = 77 sq ft / 7.1 sq m,7.1,77.0,,,,,,,,,,,,,,,,2025-04-07T11:39:01.647137+00:00
19,8,89bfcdaf5abeec6c0cd7e86eae9b2face0f5bc0e4377fa7f6b0d2ac2710eb771,Outbuilding = 421 sq ft / 39.1 sq m,39.1,421.0,,,,,,,,,,,,,,,,2025-04-07T11:39:01.647137+00:00
19,8,89bfcdaf5abeec6c0cd7e86eae9b2face0f5bc0e4377fa7f6b0d2ac2710eb771,Total = 2139 sq ft / 198.7 sq m,198.7,2139.0,4,21,20,138,57,30,13,3,"['door', 'door', 'door', 'door', 'door', 'door2', 'door2', 'stair', 'toilet_bowl', 'window', 'window', 'window', 'window', 'window', 'vanity', 'bathtub', 'shower', 'door2', 'door2', 'door', 'door', 'door', 'door', 'door2', 'door', 'door', 'door', 'door', 'door', 'door', 'door2', 'door', 'stair', 'shower', 'window', 'toilet_bowl', 'stove', 'sink', 'window', 'window', 'sink', 'vanity', 'window', 'window', 'door', 'door', 'window', 'window', 'window', 'sink', 'door', 'door', 'door', 'door', 'door', 'door', 'stair']",610139.5,0.000325663229474571,0.003505755650961788,8415,19877,2936,2025-04-07T11:39:01.647137+00:00
17,8,a3d0eea98c7290ab676294af20d7d3f5c78abd7a6fc5e20d5df110f1ac239869,Approximate Floor Area = 127.5 sq m / 1372 sq ft,127.5,1372.0,,,,,,,,,,,,,,,,2025-04-07T11:33:03.101113+00:00
17,8,a3d0eea98c7290ab676294af20d7d3f5c78abd7a6fc5e20d5df110f1ac239869,Garage = 13.1 sq m / 141 sq ft,13.1,141.0,,,,,,,,,,,,,,,,2025-04-07T11:33:03.101113+00:00
18,8,a60ed0fbbe39e42b38723939d15befd903cbe45931ac0d4ea878564c7a1202c2,Approximate Gross Internal Area Total = 2001 Sq Ft / 185.89 Sq M,185.89,2001.0,3,19,16,238,55,22,17,5,"['door', 'door', 'door', 'door', 'door', 'stair', 'stair', 'stair', 'bathtub', 'toilet_bowl', 'window', 'vanity', 'window', 'window', 'bed', 'window', 'window', 'window', 'window', 'window', 'window', 'window', 'window', 'door', 'door2', 'door', 'door', 'door', 'door', 'door', 'door', 'door', 'door2', 'door', 'door2', 'door2', 'stair', 'stove', 'vanity', 'window', 'window', 'toilet_bowl', 'window', 'window', 'sofa', 'window', 'door', 'door', 'door2', 'door', 'stair', 'toilet_bowl', 'bathtub', 'vanity', 'window']",1209918.5,0.0001536384475483266,0.0016538304026262926,6630,18796,2445,2025-04-07T11:35:56.906149+00:00
14,8,ad46c63d55fe32aad0866cd26fde855e6188f34701746b34f2c5b99c533eab4f,Approximate Area: 1291 sq ft / 120 sq m,120.0,1291.0,,,,,,,,,,,,,,,,2025-04-07T11:20:21.843990+00:00
14,8,ad46c63d55fe32aad0866cd26fde855e6188f34701746b34f2c5b99c533eab4f,Garage: 144 sq ft / 13.3 sq m,13.3,144.0,,,,,,,,,,,,,,,,2025-04-07T11:20:21.843990+00:00
14,8,ad46c63d55fe32aad0866cd26fde855e6188f34701746b34f2c5b99c533eab4f,Total: 1435 sq ft / 133.3 sq m,133.3,1435.0,2,16,16,142,42,17,12,2,"['door', 'door', 'door', 'door', 'door', 'door', 'door', 'stair', 'shower', 'toilet_bowl', 'bathtub', 'vanity', 'toilet_bowl', 'window', 'window', 'window', 'window', 'window', 'window', 'vanity', 'bathtub', 'door', 'door', 'door', 'door', 'door', 'door', 'door', 'door', 'door', 'door', 'stair', 'sink', 'stove', 'vanity', 'toilet_bowl', 'window', 'window', 'window', 'window', 'window', 'window']",923022.5,0.00014441684790999137,0.001554674994379877,5355,14309,2381,2025-04-07T11:20:21.843990+00:00
12,8,3bbbea3206270f21bb39883b2ad7186b7ea770aceff38c7b2ea56e5e62c4f66a,Approximate Area = 1374 sq ft / 127.6 sq m,127.6,1374.0,,,,,,,,,,,,,,,,2025-04-07T11:15:38.757321+00:00
12,8,3bbbea3206270f21bb39883b2ad7186b7ea770aceff38c7b2ea56e5e62c4f66a,Total = 1503 sq ft / 139.5 sq m,139.5,1503.0,2,25,25,181,49,26,10,2,"['door', 'door', 'door', 'door', 'door', 'door', 'door', 'door-s', 'door2', 'door-s', 'door-s', 'door-s', 'door', 'door-s', 'stair', 'shower', 'bathtub', 'vanity', 'vanity', 'toilet_bowl', 'window', 'window', 'window', 'window', 'window', 'window', 'window', 'vanity', 'toilet_bowl', 'door2', 'door', 'door', 'door', 'door', 'door', 'door', 'door2', 'door', 'door', 'door2', 'door-s', 'stair', 'sink', 'stove', 'vanity', 'window', 'toilet_bowl', 'window', 'window']",634959.5,0.00021969905167179953,0.002367080105109066,10455,19695,2992,2025-04-07T11:15:38.757321+00:00
17,8,a3d0eea98c7290ab676294af20d7d3f5c78abd7a6fc5e20d5df110f1ac239869,Total = 140.6 sq m / 1513 sq ft (Excluding Shed),140.6,1513.0,2,21,19,155,46,22,11,2,"['door', 'door', 'door', 'door', 'door', 'door', 'door-s', 'door-s', 'door-s', 'stair', 'bathtub', 'window', 'window', 'toilet_bowl', 'window', 'window', 'window', 'window', 'vanity', 'window', 'window', 'shower', 'vanity', 'toilet_bowl', 'door', 'door', 'door', 'door', 'door', 'door', 'door', 'door', 'door', 'door', 'door', 'door', 'door', 'stair', 'stove', 'sink', 'toilet_bowl', 'vanity', 'window', 'sink', 'window', 'window']",989128.0,0.00014214540484143608,0.0015296301388697923,7905,16966,2628,2025-04-07T11:33:03.101113+00:00
13,8,97f56c28d92c52ea01b52f2d4f8f70c3af0050fb4337e4d324bf87064b656af4,Ground Floor: approx 67.9 sq. metres (731.3 sq. feet),67.9,731.3,,,,,,,,,,,,,,,,2025-04-07T11:17:38.066555+00:00
13,8,97f56c28d92c52ea01b52f2d4f8f70c3af0050fb4337e4d324bf87064b656af4,First Floor: approx 56.9 sq. metres (612.4 sq. feet),56.9,612.4,,,,,,,,,,,,,,,,2025-04-07T11:17:38.066555+00:00
13,8,97f56c28d92c52ea01b52f2d4f8f70c3af0050fb4337e4d324bf87064b656af4,Garden Room: approx 18.9 sq. metres (203.4 sq. feet),18.9,203.4,,,,,,,,,,,,,,,,2025-04-07T11:17:38.066555+00:00
13,8,97f56c28d92c52ea01b52f2d4f8f70c3af0050fb4337e4d324bf87064b656af4,Total area: approx 143.7 sq. metres (1547.1 sq. feet),143.7,1547.1,3,16,14,113,42,15,13,2,"['door', 'door', 'door', 'door', 'door', 'door', 'stair', 'shower', 'shower', 'vanity', 'bathtub', 'toilet_bowl', 'toilet_bowl', 'vanity', 'window', 'window', 'window', 'window', 'window', 'window', 'door2', 'window', 'door', 'door', 'door', 'door', 'door', 'door', 'door2', 'door', 'stair', 'stove', 'sink', 'sink', 'toilet_bowl', 'vanity', 'window', 'window', 'window', 'window', 'window', 'window']",915484.5,0.00015696606550957444,0.0016899248430748963,6120,15447,2292,2025-04-07T11:17:38.066555+00:00
24,8,3954d2bab15806a3ff08ae58a29a79f7b3fcef8cba0a20fa3cb77270c344a382,Ground Floor: approx 67.4 sq. metres (725.8 sq. feet),67.4,725.8,,,,,,,,,,,,,,,,2025-04-07T12:08:58.031274+00:00
24,8,3954d2bab15806a3ff08ae58a29a79f7b3fcef8cba0a20fa3cb77270c344a382,First Floor: approx 41.1 sq. metres (442.1 sq. feet),41.1,442.1,,,,,,,,,,,,,,,,2025-04-07T12:08:58.031274+00:00
24,8,3954d2bab15806a3ff08ae58a29a79f7b3fcef8cba0a20fa3cb77270c344a382,Second Floor: approx 31.7 sq. metres (341.5 sq. feet),31.7,341.5,,,,,,,,,,,,,,,,2025-04-07T12:08:58.031274+00:00
24,8,3954d2bab15806a3ff08ae58a29a79f7b3fcef8cba0a20fa3cb77270c344a382,Total area: approx 140.2 sq. metres (1509.4 sq. feet),140.2,1509.4,2,14,12,105,37,15,13,2,"['door', 'door', 'door', 'door', 'door2', 'door', 'door2', 'stair', 'shower', 'toilet_bowl', 'vanity', 'window', 'window', 'window', 'window', 'window', 'bed', 'door2', 'door', 'door', 'door', 'door', 'door', 'door', 'door-s', 'stair', 'toilet_bowl', 'stove', 'window', 'sink', 'window', 'window', 'window', 'window', 'window', 'window', 'window']",772817.5,0.00018141411135229207,0.0019531131217913674,5865,13302,1959,2025-04-07T12:08:58.031274+00:00
22,8,f1b02f31959eacc382f294b6e948a2c902c71d25c2942a0b1ac2b5d9e60d8e95,Approximate Area = 1227 sq ft / 113.9 sq m,113.9,1227.0,,,,,,,,,,,,,,,,2025-04-07T11:57:46.148625+00:00
22,8,f1b02f31959eacc382f294b6e948a2c902c71d25c2942a0b1ac2b5d9e60d8e95,Garage / Workshop = 188 sq ft / 17.4 sq m,17.4,188.0,,,,,,,,,,,,,,,,2025-04-07T11:57:46.148625+00:00
37,8,c0f9573bb8477b0c379eea90be8533d7abc6bff465d6668b89114dd3ca07722e,Approximate Floor Area = 1751 sq ft / 162.7 sq m,162.7,1751.0,,,,,,,,,,,,,,,,2025-04-07T12:27:53.889933+00:00
37,8,c0f9573bb8477b0c379eea90be8533d7abc6bff465d6668b89114dd3ca07722e,Garage = 129 sq ft / 12 sq m,12.0,129.0,,,,,,,,,,,,,,,,2025-04-07T12:27:53.889933+00:00
37,8,c0f9573bb8477b0c379eea90be8533d7abc6bff465d6668b89114dd3ca07722e,Total = 1880 sq ft / 174.7 sq m,174.7,1880.0,3,19,19,131,50,17,19,2,"['door', 'door', 'door', 'door', 'door', 'door', 'stair', 'shower', 'bathtub', 'vanity', 'vanity', 'toilet_bowl', 'toilet_bowl', 'window', 'window', 'window', 'window', 'window', 'window', 'window', 'window', 'window', 'window', 'door', 'window', 'window', 'door', 'door', 'door', 'door', 'door', 'door2', 'door', 'door-s', 'door-s', 'door', 'stair', 'stove', 'sink', 'window', 'toilet_bowl', 'window', 'window', 'window', 'window', 'window', 'vanity', 'bathtub', 'shower', 'window']",1210282.0,0.00014434652419849259,0.0015533569862230456,8670,18127,2464,2025-04-07T12:27:53.889933+00:00
46,8,bd907d0bf453ab2d5e251baed6226ee258725ab97976afdc70f68e805c590a29,Ground Floor Total Approximate Area,133.64,1438.43,,,,,,,,,,,,,,,,2025-04-07T12:29:51.929734+00:00
46,8,bd907d0bf453ab2d5e251baed6226ee258725ab97976afdc70f68e805c590a29,First Floor Total Approximate Area,68.06,732.59,,,,,,,,,,,,,,,,2025-04-07T12:29:51.929734+00:00
46,8,bd907d0bf453ab2d5e251baed6226ee258725ab97976afdc70f68e805c590a29,Outbuilding Total Approximate Area,28.5,306.57,,,,,,,,,,,,,,,,2025-04-07T12:29:51.929734+00:00
46,8,bd907d0bf453ab2d5e251baed6226ee258725ab97976afdc70f68e805c590a29,Total Approximate Area,230.2,2477.85,3,24,24,155,63,31,18,1,"['door', 'door', 'door', 'door', 'door', 'door', 'door', 'door', 'door', 'door', 'door', 'door', 'door2', 'door-s', 'stair', 'toilet_bowl', 'toilet_bowl', 'window', 'window', 'vanity', 'window', 'window', 'window', 'window', 'window', 'window', 'bathtub', 'shower', 'window', 'sink', 'vanity', 'door2', 'door', 'door', 'door', 'door', 'door2', 'door', 'door', 'door', 'door-s', 'door', 'door-s', 'door-s', 'door-s', 'bathtub', 'stove', 'sink', 'window', 'toilet_bowl', 'vanity', 'window', 'window', 'shower', 'window', 'window', 'door2', 'door2', 'door2', 'window', 'window', 'window', 'window']",123333.0,0.0018664915310581918,0.02009072997494588,9180,19288,3305,2025-04-07T12:29:51.929734+00:00
58,10,ee4be064c9283de93ef78ed0fe40f8b8de84fbdb7d1d2511d1a4217f8c9bf000,Approximate Gross Internal Area 1827 sq ft - 170 sq m,170.0,1827.0,,,,,,,,,,,,,,,,2025-04-07T12:31:39.403392+00:00
58,10,ee4be064c9283de93ef78ed0fe40f8b8de84fbdb7d1d2511d1a4217f8c9bf000,Ground Floor Area 926 sq ft - 86 sq m,86.0,926.0,,,,,,,,,,,,,,,,2025-04-07T12:31:39.403392+00:00
58,10,ee4be064c9283de93ef78ed0fe40f8b8de84fbdb7d1d2511d1a4217f8c9bf000,First Floor Area 901 sq ft - 84 sq m,84.0,901.0,,,,,,,,,,,,,,,,2025-04-07T12:31:39.403392+00:00
58,10,ee4be064c9283de93ef78ed0fe40f8b8de84fbdb7d1d2511d1a4217f8c9bf000,Total Floor Area (Calculated),340.0,3654.0,2,18,18,120,46,21,12,2,"['door', 'door', 'door', 'door', 'door', 'door2', 'door', 'door2', 'door', 'door2', 'door', 'door', 'stair', 'shower', 'bathtub', 'vanity', 'toilet_bowl', 'toilet_bowl', 'vanity', 'window', 'window', 'window', 'window', 'window', 'window', 'door2', 'door', 'door', 'door', 'door', 'door', 'door', 'door2', 'door-s', 'stair', 'stove', 'toilet_bowl', 'sink', 'vanity', 'bed', 'window', 'window', 'window', 'window', 'window', 'window']",1277133.5,0.00026622118987560815,0.0028610947876631537,7395,15610,2306,2025-04-07T12:31:39.403392+00:00
59,8,0199d559060719e52fd1b8ba1fb798b6882db9b39b7ef6ce5da8ce6aa6812477,Approximate Gross Internal Area,127.62,1373.0,,,,,,,,,,,,,,,,2025-04-07T12:34:23.711790+00:00
59,8,0199d559060719e52fd1b8ba1fb798b6882db9b39b7ef6ce5da8ce6aa6812477,Main House 1336 sq. ft / 124.12 sq. m,124.12,1336.0,,,,,,,,,,,,,,,,2025-04-07T12:34:23.711790+00:00
59,8,0199d559060719e52fd1b8ba1fb798b6882db9b39b7ef6ce5da8ce6aa6812477,Outbuilding 37 sq. ft / 3.50 sq. m,3.5,37.0,,,,,,,,,,,,,,,,2025-04-07T12:34:23.711790+00:00
59,8,0199d559060719e52fd1b8ba1fb798b6882db9b39b7ef6ce5da8ce6aa6812477,Total Floor Area (Calculated),255.24,2746.0,2,16,16,91,37,14,14,2,"['door', 'door', 'door', 'door', 'door', 'door', 'door', 'stair', 'bathtub', 'toilet_bowl', 'window', 'toilet_bowl', 'window', 'window', 'window', 'window', 'vanity', 'window', 'window', 'vanity', 'door', 'door', 'door', 'door', 'door', 'door', 'door2', 'stair', 'toilet_bowl', 'stove', 'window', 'window', 'window', 'window', 'window', 'window', 'window']",213160.5,0.0011974075872406005,0.012882311685326315,6375,13802,2367,2025-04-07T12:34:23.711790+00:00
38,8,d6f26d6b9e9812fa4b8a106343146773241696856777e4a1d3f5493977183cb4,Total Approx. Gross Internal Area 221.7 m² ... 2386 ft²,221.7,2386.0,4,26,24,192,72,32,19,5,"['door', 'door', 'door2', 'door2', 'door', 'door', 'door', 'door', 'door2', 'door2', 'door', 'door-s', 'stair', 'window', 'stove', 'sink', 'toilet_bowl', 'window', 'window', 'window', 'window', 'window', 'window', 'window', 'window', 'vanity', 'window', 'window', 'door', 'door', 'door', 'door2', 'door2', 'door2', 'door2', 'door2', 'stair', 'stair', 'stair', 'toilet_bowl', 'bathtub', 'toilet_bowl', 'window', 'window', 'window', 'vanity', 'window', 'window', 'toilet_bowl', 'door', 'door', 'door', 'door', 'door', 'door', 'door', 'door', 'door2', 'door2', 'door2', 'door2', 'stair', 'bathtub', 'toilet_bowl', 'toilet_bowl', 'vanity', 'vanity', 'window', 'window', 'window', 'shower', 'bathtub']",671896.5,0.00032996153425415966,0.0035511421774038114,6375,19697,4107,2025-04-07T12:38:19.781628+00:00
50,8,87aaec4d31fabc68fbab4a1f5db58ee983801e9f2d2de099ab6fe3c2aec1949a,Approximate Area = 1404 sq ft / 130 sq m,130.0,1404.0,2,17,17,135,43,19,12,2,"['door', 'door', 'door', 'door', 'door', 'door', 'door', 'door', 'stair', 'bathtub', 'bathtub', 'vanity', 'toilet_bowl', 'vanity', 'toilet_bowl', 'window', 'window', 'window', 'window', 'window', 'door', 'door2', 'door2', 'door', 'door', 'door', 'door2', 'door', 'door', 'door', 'door', 'stair', 'sink', 'stove', 'toilet_bowl', 'vanity', 'window', 'window', 'window', 'window', 'window', 'window', 'window']",950600.5,0.00013675566128988991,0.001476961141930811,6375,15512,2308,2025-04-07T12:42:05.445981+00:00
55,8,1441f926c57bda0f18956467bb498124d48d8713913da6f8fdb41793bfdc289b,Ground Floor: approx 99.2 Sq m / 1067 Sq Ft,99.2,1067.0,,,,,,,,,,,,,,,,2025-04-07T12:17:51.285798+00:00
27,8,bd6b236a59aa709ebcb3cf54598a0054f5b4650835a9a3ca664673dd4e844b40,Garage = 30.0 sq m / 323 sq ft,30.0,323.0,,,,,,,,,,,,,,,,2025-04-07T12:19:29.749074+00:00
27,8,bd6b236a59aa709ebcb3cf54598a0054f5b4650835a9a3ca664673dd4e844b40,Total = 173.1 sq m / 1863 sq ft,173.1,1863.0,3,16,15,117,48,17,21,2,"['door', 'door', 'door', 'door', 'door', 'door2', 'door2', 'stair', 'bathtub', 'vanity', 'toilet_bowl', 'window', 'window', 'window', 'window', 'window', 'window', 'window', 'window', 'vanity', 'window', 'window', 'window', 'window', 'door', 'door', 'door', 'door', 'door', 'door', 'door', 'door', 'door-s', 'door', 'stair', 'stove', 'window', 'sink', 'window', 'window', 'window', 'window', 'vanity', 'window', 'window', 'window', 'toilet_bowl', 'window']",839066.5,0.0002063006924957676,0.00222032461074301,6630,16572,2505,2025-04-07T12:19:29.749074+00:00
50,8,87aaec4d31fabc68fbab4a1f5db58ee983801e9f2d2de099ab6fe3c2aec1949a,Total Floor Area (Calculated),130.0,1404.0,2,17,17,135,43,19,12,2,"['door', 'door', 'door', 'door', 'door', 'door', 'door', 'door', 'stair', 'bathtub', 'bathtub', 'vanity', 'toilet_bowl', 'vanity', 'toilet_bowl', 'window', 'window', 'window', 'window', 'window', 'door', 'door2', 'door2', 'door', 'door', 'door', 'door2', 'door', 'door', 'door', 'door', 'stair', 'sink', 'stove', 'toilet_bowl', 'vanity', 'window', 'window', 'window', 'window', 'window', 'window', 'window']",950600.5,0.00013675566128988991,0.001476961141930811,6375,15512,2308,2025-04-07T12:42:05.445981+00:00
61,8,241fd4ecbd0a37f05af14039197bed21534e7f96be8f5c8be69dec2e8da4cdc9,Ground Floor: approx. floor area 45.5 sq.m. (491 sq.ft.),45.5,491.0,,,,,,,,,,,,,,,,2025-04-07T12:44:04.027616+00:00
61,8,241fd4ecbd0a37f05af14039197bed21534e7f96be8f5c8be69dec2e8da4cdc9,1st Floor: approx. floor area 47.5 sq.m. (510 sq.ft.),47.5,510.0,,,,,,,,,,,,,,,,2025-04-07T12:44:04.027616+00:00
61,8,241fd4ecbd0a37f05af14039197bed21534e7f96be8f5c8be69dec2e8da4cdc9,2nd Floor: approx. floor area 43.6 sq.m. (471 sq.ft.),43.6,471.0,,,,,,,,,,,,,,,,2025-04-07T12:44:04.027616+00:00
61,8,241fd4ecbd0a37f05af14039197bed21534e7f96be8f5c8be69dec2e8da4cdc9,Total approx. floor area 136.6 sq.m. (1472 sq.ft.),136.6,1472.0,4,25,20,127,30,11,10,2,"['door', 'door', 'door-s', 'bathtub', 'window', 'window', 'window', 'vanity', 'door', 'door', 'door', 'door', 'stair', 'stove', 'window', 'window', 'toilet_bowl', 'window', 'door', 'door', 'door', 'door', 'stair', 'bathtub', 'toilet_bowl', 'window', 'vanity', 'window', 'window', 'window']",96237.5,0.0014194051175477334,0.015295492921158591,9435,18668,3467,2025-04-07T12:44:04.027616+00:00
20,8,89031905e175901b42f9e38d0f43a8beb537fda09404b953b057e02330040388,Approximate Total Internal Floor Area: 1365 SQ FT - 126.77 SQ M (including eaves storage),126.77,1365.0,3,20,18,147,36,12,12,2,"['door', 'door', 'door', 'door', 'stair', 'stair', 'bathtub', 'shower', 'toilet_bowl', 'window', 'vanity', 'window', 'window', 'window', 'window', 'window', 'window', 'door', 'door', 'door', 'stove', 'window', 'sink', 'bed', 'window', 'window', 'window', 'door', 'door', 'door', 'door', 'door2', 'shower', 'toilet_bowl', 'vanity', 'window']",970511.5,0.00013062184219352372,0.0014064748331163515,8160,17142,2507,2025-04-07T11:43:21.793063+00:00
20,8,89031905e175901b42f9e38d0f43a8beb537fda09404b953b057e02330040388,Approximate Gross Internal Floor Area of Eaves Storage: 34 SQ FT - 3.15 SQ M,3.15,34.0,,,,,,,,,,,,,,,,2025-04-07T11:43:21.793063+00:00
39,8,380663b7d665bd9fe273dc571e0eeb56b0fd3fae80b7da300e6bee95ec273803,Total - 270 sq.m (2908 sq.ft),270.0,2908.0,3,32,30,215,83,36,25,2,"['door', 'door', 'door', 'door', 'door', 'door', 'door', 'door', 'door-s', 'stair', 'shower', 'bathtub', 'shower', 'toilet_bowl', 'vanity', 'vanity', 'toilet_bowl', 'window', 'window', 'window', 'window', 'window', 'window', 'door2', 'door2', 'door2', 'door2', 'door', 'door', 'door2', 'door', 'door', 'door', 'door', 'door', 'door', 'door', 'door', 'door', 'door', 'door', 'door', 'door2', 'door-s', 'door-s', 'door-s', 'stair', 'sink', 'toilet_bowl', 'stove', 'toilet_bowl', 'stove', 'sink', 'vanity', 'window', 'window', 'window', 'window', 'window', 'window', 'window', 'vanity', 'window', 'window', 'window', 'bed', 'window', 'window', 'shower', 'bathtub', 'window', 'window', 'window', 'window', 'door', 'door2', 'door', 'door', 'toilet_bowl', 'window', 'window', 'window', 'sink']",1006352.5,0.00026829565187148636,0.002889643539415861,11730,25294,4021,2025-04-07T12:50:05.376495+00:00
33,8,16a778cf093beb517ccd2158fa83cd061bbb416711652be5cb6f8e5feece9ea0,Ground Floor: Approx. 58.9 sq. metres (634.5 sq. feet),58.9,634.5,,,,,,,,,,,,,,,,2025-04-07T12:51:43.564085+00:00
39,8,380663b7d665bd9fe273dc571e0eeb56b0fd3fae80b7da300e6bee95ec273803,Main House - 179 sq.m (1929 sq.ft),179.0,1929.0,,,,,,,,,,,,,,,,2025-04-07T12:50:05.376495+00:00
33,8,16a778cf093beb517ccd2158fa83cd061bbb416711652be5cb6f8e5feece9ea0,First Floor: Approx. 53.9 sq. metres (580.4 sq. feet),53.9,580.4,,,,,,,,,,,,,,,,2025-04-07T12:51:43.564085+00:00
39,8,380663b7d665bd9fe273dc571e0eeb56b0fd3fae80b7da300e6bee95ec273803,Annexe - 43 sq.m (463 sq.ft),43.0,463.0,,,,,,,,,,,,,,,,2025-04-07T12:50:05.376495+00:00
33,8,16a778cf093beb517ccd2158fa83cd061bbb416711652be5cb6f8e5feece9ea0,Total area: approx. 112.9 sq. metres (1214.9 sq. feet),112.9,1214.9,2,15,13,134,40,18,12,2,"['door', 'door', 'door', 'door', 'door', 'door2', 'door', 'door', 'door2', 'door2', 'stair', 'bathtub', 'toilet_bowl', 'vanity', 'shower', 'window', 'window', 'window', 'window', 'window', 'door', 'door', 'door', 'door', 'door', 'door', 'door', 'door-s', 'stair', 'stove', 'toilet_bowl', 'sink', 'vanity', 'window', 'window', 'window', 'window', 'window', 'window', 'window']",1455299.0,7.757855945754103e-05,0.000834811265588721,4845,13098,2324,2025-04-07T12:51:43.564085+00:00
39,8,380663b7d665bd9fe273dc571e0eeb56b0fd3fae80b7da300e6bee95ec273803,Garage - 26 sq.m (279 sq.ft),26.0,279.0,,,,,,,,,,,,,,,,2025-04-07T12:50:05.376495+00:00
39,8,380663b7d665bd9fe273dc571e0eeb56b0fd3fae80b7da300e6bee95ec273803,Summer House - 22 sq.m (236 sq.ft),22.0,236.0,,,,,,,,,,,,,,,,2025-04-07T12:50:05.376495+00:00
25,8,f061c314c6cd8175242b9978d5d934d7becfe8595bb02eb728e394dee21c5447,Approximate Area = 1104 sq ft / 102.5 sq m,102.5,1104.0,,,,,,,,,,,,,,,,2025-04-07T12:55:03.386928+00:00
25,8,f061c314c6cd8175242b9978d5d934d7becfe8595bb02eb728e394dee21c5447,Garage = 130 sq ft / 12.1 sq m,12.1,130.0,,,,,,,,,,,,,,,,2025-04-07T12:55:03.386928+00:00
25,8,f061c314c6cd8175242b9978d5d934d7becfe8595bb02eb728e394dee21c5447,Total = 1234 sq ft / 114.6 sq m,114.6,1234.0,2,18,18,119,35,16,10,2,"['door', 'door', 'door', 'door', 'door', 'door', 'door2', 'door2', 'stair', 'toilet_bowl', 'bathtub', 'vanity', 'window', 'window', 'window', 'window', 'window', 'window', 'door', 'door', 'door', 'door', 'door', 'door2', 'door', 'door', 'stair', 'stove', 'sink', 'toilet_bowl', 'vanity', 'window', 'window', 'window', 'window']",638266.5,0.00017954882482474013,0.0019333616913937987,7905,16715,2376,2025-04-07T12:55:03.386928+00:00
34,8,2cc6c6a2158c077fed42e7a67de9cbcd29a4e9d8e42d57d9678628cbce3b74de,Main House 1917 sq ft / 178.09 sq m,178.09,1917.0,,,,,,,,,,,,,,,,2025-04-07T12:56:58.838291+00:00
34,8,2cc6c6a2158c077fed42e7a67de9cbcd29a4e9d8e42d57d9678628cbce3b74de,Garage 724 sq ft / 67.26 sq m,67.26,724.0,,,,,,,,,,,,,,,,2025-04-07T12:56:58.838291+00:00
34,8,2cc6c6a2158c077fed42e7a67de9cbcd29a4e9d8e42d57d9678628cbce3b74de,Total 2641 sq ft / 245.34 sq m,245.34,2641.0,3,21,19,138,64,21,23,3,"['door', 'door', 'door', 'door', 'door', 'door', 'door', 'door-s', 'door-s', 'door-s', 'stair', 'stair', 'bathtub', 'toilet_bowl', 'window', 'toilet_bowl', 'vanity', 'window', 'toilet_bowl', 'window', 'vanity', 'window', 'window', 'window', 'window', 'window', 'window', 'shower', 'vanity', 'bathtub', 'window', 'door', 'window', 'door', 'door', 'door', 'door', 'door', 'door', 'door', 'door', 'door2', 'door', 'stair', 'toilet_bowl', 'stove', 'sink', 'window', 'vanity', 'window', 'window', 'window', 'window', 'window', 'vanity', 'window', 'window', 'window', 'window', 'toilet_bowl', 'window', 'shower', 'window', 'bathtub']",569060.5,0.00043113166350502275,0.004640982812899507,8670,18299,2701,2025-04-07T12:56:58.838291+00:00
53,8,fdc1b6c57ea57214151f2f08603d2293333f85c2f20c135d2267849f06d1d21e,Garage: 139 sq ft / 12.9 sq m,12.9,139.0,,,,,,,,,,,,,,,,2025-04-07T12:58:34.917847+00:00
53,8,fdc1b6c57ea57214151f2f08603d2293333f85c2f20c135d2267849f06d1d21e,Approximate Area: 1521 sq ft / 141.3 sq m (excludes boiler room),141.3,1521.0,,,,,,,,,,,,,,,,2025-04-07T12:58:34.917847+00:00
53,8,fdc1b6c57ea57214151f2f08603d2293333f85c2f20c135d2267849f06d1d21e,Total: 1660 sq ft / 154.2 sq m,154.2,1660.0,3,20,17,149,53,21,16,5,"['door', 'door', 'door', 'door', 'door', 'door', 'door-s', 'stair', 'stair', 'stair', 'shower', 'bathtub', 'vanity', 'window', 'window', 'window', 'window', 'window', 'toilet_bowl', 'window', 'bed', 'bed', 'door2', 'window', 'bed', 'door2', 'door2', 'door2', 'door', 'door', 'door', 'door', 'door', 'door', 'door', 'door2', 'door', 'door', 'stair', 'stair', 'sink', 'vanity', 'toilet_bowl', 'stove', 'window', 'window', 'window', 'window', 'window', 'window', 'window', 'window', 'window']",864057.5,0.00017846034552098674,0.0019211684407577042,6630,17080,2923,2025-04-07T12:58:34.917847+00:00
41,8,ca857a7b042e00567df0821f12f9b4255d16cde027bb055a44df93e43b9482be,Garage: 133 sq ft / 12.4 sq m,12.4,133.0,,,,,,,,,,,,,,,,2025-04-07T13:00:03.326073+00:00
41,8,ca857a7b042e00567df0821f12f9b4255d16cde027bb055a44df93e43b9482be,Ground Floor: 978 sq ft / 90.9 sq m,90.9,978.0,,,,,,,,,,,,,,,,2025-04-07T13:00:03.326073+00:00
41,8,ca857a7b042e00567df0821f12f9b4255d16cde027bb055a44df93e43b9482be,First Floor: 322 sq ft / 29.9 sq m,29.9,322.0,,,,,,,,,,,,,,,,2025-04-07T13:00:03.326073+00:00
41,8,ca857a7b042e00567df0821f12f9b4255d16cde027bb055a44df93e43b9482be,Approximate Gross Internal Area: 1433 sq ft / 133.2 sq m,133.2,1433.0,,,,,,,,,,,,,,,,2025-04-07T13:00:03.326073+00:00
41,8,ca857a7b042e00567df0821f12f9b4255d16cde027bb055a44df93e43b9482be,Total Floor Area (Calculated),266.4,2866.0,3,15,15,152,41,16,15,2,"['door', 'door', 'door', 'stair', 'window', 'vanity', 'toilet_bowl', 'door', 'sofa', 'window', 'door2', 'door', 'door', 'door', 'door', 'door', 'door', 'door', 'door2', 'door', 'door-s', 'door-s', 'stair', 'bathtub', 'stove', 'vanity', 'toilet_bowl', 'window', 'window', 'window', 'window', 'window', 'vanity', 'window', 'window', 'window', 'window', 'window', 'window', 'window', 'window']",987057.0,0.0002698932280506597,0.0029035810495239888,6630,16239,2177,2025-04-07T13:00:03.326073+00:00
26,8,9dd4f7fa4f9af56499c0313cabc113a9fc3f00aba89637c9a76270651e107306,Ground Floor: Approx. Gross Internal Area 75.1 m² ... 808 ft²,75.1,808.0,,,,,,,,,,,,,,,,2025-04-07T13:01:23.129121+00:00
54,8,2be7632e38480b784539ae083fb4fadc301a2c375e91302a13acd846502ff347,"Total area (approx.): 140.6 sq. m (1,513.3 sq. ft)",140.6,1513.3,2,16,15,130,47,21,16,2,"['door', 'door', 'door', 'door', 'door', 'door2', 'door', 'door2', 'door2', 'door2', 'door-s', 'door2', 'door2', 'stair', 'bathtub', 'shower', 'window', 'window', 'window', 'toilet_bowl', 'vanity', 'window', 'window', 'window', 'window', 'door', 'door', 'door', 'door', 'door2', 'door', 'door', 'door', 'stair', 'sink', 'stove', 'toilet_bowl', 'window', 'window', 'window', 'window', 'vanity', 'window', 'window', 'window', 'window', 'window']",897108.0,0.00015672583457064255,0.0016868649036682315,6375,14796,2209,2025-04-07T13:02:53.967607+00:00
43,8,d695a33cc563f5583565da7c3ea61aeff0dfb22624a303bf1b684e984a138bd8,Approximate Area,142.3,1532.0,1,12,12,99,30,11,10,2,"['door', 'door', 'door', 'door', 'door', 'door', 'door', 'door', 'door', 'door', 'door', 'stair', 'stair', 'bathtub', 'window', 'window', 'window', 'stove', 'toilet_bowl', 'toilet_bowl', 'sink', 'vanity', 'window', 'window', 'window', 'window', 'window', 'window', 'vanity', 'window']",905350.0,0.00015717678245982217,0.001692163251781079,4080,11258,1756,2025-04-07T13:04:02.447744+00:00
43,8,d695a33cc563f5583565da7c3ea61aeff0dfb22624a303bf1b684e984a138bd8,Total Floor Area (Calculated),142.3,1532.0,1,12,12,99,30,11,10,2,"['door', 'door', 'door', 'door', 'door', 'door', 'door', 'door', 'door', 'door', 'door', 'stair', 'stair', 'bathtub', 'window', 'window', 'window', 'stove', 'toilet_bowl', 'toilet_bowl', 'sink', 'vanity', 'window', 'window', 'window', 'window', 'window', 'window', 'vanity', 'window']",905350.0,0.00015717678245982217,0.001692163251781079,4080,11258,1756,2025-04-07T13:04:02.447744+00:00
35,8,c01cc2c4ce9c7efe229769be59fb6e49e3de0d8a6ff1db3f156f12313edb9687,Ground Floor,106.6,1148.0,,,,,,,,,,,,,,,,2025-04-07T13:05:18.800674+00:00
35,8,c01cc2c4ce9c7efe229769be59fb6e49e3de0d8a6ff1db3f156f12313edb9687,Store,0.5,6.0,,,,,,,,,,,,,,,,2025-04-07T13:05:18.800674+00:00
35,8,c01cc2c4ce9c7efe229769be59fb6e49e3de0d8a6ff1db3f156f12313edb9687,Total area: approx 107.1 sq metres (1154 sq feet),107.1,1154.0,2,14,14,94,37,15,11,2,"['door', 'door', 'door', 'door', 'door', 'stair', 'vanity', 'toilet_bowl', 'window', 'shower', 'window', 'bathtub', 'window', 'window', 'window', 'window', 'door', 'door', 'door2', 'door', 'door', 'door', 'door', 'door', 'door', 'door', 'stair', 'sink', 'vanity', 'stove', 'window', 'toilet_bowl', 'window', 'window', 'window', 'bed', 'window']",786218.5,0.00013622167374591158,0.0014677853548345657,4845,12833,2130,2025-04-07T13:05:18.800674+00:00
22,8,f1b02f31959eacc382f294b6e948a2c902c71d25c2942a0b1ac2b5d9e60d8e95,Total = 1415 sq ft / 131.3 sq m,131.3,1415.0,2,16,16,132,44,18,15,2,"['door', 'door', 'door', 'door', 'door', 'door2', 'stair', 'vanity', 'toilet_bowl', 'window', 'window', 'door', 'door', 'door', 'door', 'door', 'door', 'door', 'door', 'door', 'door', 'door', 'door', 'stair', 'shower', 'sink', 'toilet_bowl', 'stove', 'window', 'vanity', 'vanity', 'toilet_bowl', 'window', 'window', 'window', 'window', 'window', 'window', 'window', 'window', 'window', 'window', 'window', 'window']",704051.5,0.00018649203928973947,0.0020097961583776186,5865,13867,2312,2025-04-07T11:57:46.148625+00:00
55,8,1441f926c57bda0f18956467bb498124d48d8713913da6f8fdb41793bfdc289b,First Floor: approx 67.1 Sq m / 722 Sq Ft,67.1,722.0,,,,,,,,,,,,,,,,2025-04-07T12:17:51.285798+00:00
55,8,1441f926c57bda0f18956467bb498124d48d8713913da6f8fdb41793bfdc289b,Garage: approx 28.2 Sq m / 303 Sq Ft,28.2,303.0,,,,,,,,,,,,,,,,2025-04-07T12:17:51.285798+00:00
55,8,1441f926c57bda0f18956467bb498124d48d8713913da6f8fdb41793bfdc289b,Brick Store: approx 7.5 Sq m / 80 Sq Ft,7.5,80.0,,,,,,,,,,,,,,,,2025-04-07T12:17:51.285798+00:00
55,8,1441f926c57bda0f18956467bb498124d48d8713913da6f8fdb41793bfdc289b,Total: approx 202 Sq m / 2172 Sq Ft,202.0,2172.0,3,22,19,166,62,23,21,2,"['door', 'door', 'door', 'door', 'door', 'door', 'door', 'door2', 'door2', 'door2', 'stair', 'bathtub', 'toilet_bowl', 'toilet_bowl', 'vanity', 'window', 'shower', 'window', 'window', 'window', 'window', 'vanity', 'window', 'window', 'window', 'window', 'shower', 'bathtub', 'door', 'door', 'window', 'window', 'window', 'window', 'door', 'door', 'door', 'door', 'door', 'door', 'door', 'door', 'door-s', 'door-s', 'door', 'stair', 'stove', 'vanity', 'toilet_bowl', 'toilet_bowl', 'window', 'window', 'sink', 'window', 'window', 'window', 'shower', 'window', 'window', 'vanity', 'window', 'sink']",491395.5,0.0004110741754859375,0.004420064896809189,8670,20470,3332,2025-04-07T12:17:51.285798+00:00
27,8,bd6b236a59aa709ebcb3cf54598a0054f5b4650835a9a3ca664673dd4e844b40,Approximate Gross Internal Area = 143.1 sq m / 1540 sq ft,143.1,1540.0,,,,,,,,,,,,,,,,2025-04-07T12:19:29.749074+00:00
44,8,42312a8802a8d8412a637c5396deeb4e9723a40d9879230c215aae3a7694bdaf,Ground Floor: 717 SQ FT / 66.6 SQ M,66.6,717.0,,,,,,,,,,,,,,,,2025-04-07T12:21:17.383665+00:00
44,8,42312a8802a8d8412a637c5396deeb4e9723a40d9879230c215aae3a7694bdaf,First Floor: 677 SQ FT / 62.9 SQ M,62.9,677.0,,,,,,,,,,,,,,,,2025-04-07T12:21:17.383665+00:00
44,8,42312a8802a8d8412a637c5396deeb4e9723a40d9879230c215aae3a7694bdaf,Second Floor: 438 SQ FT / 40.7 SQ M,40.7,438.0,,,,,,,,,,,,,,,,2025-04-07T12:21:17.383665+00:00
44,8,42312a8802a8d8412a637c5396deeb4e9723a40d9879230c215aae3a7694bdaf,Approximate Gross Internal Area: 1832 SQ FT / 170.2 SQ M,170.2,1832.0,,,,,,,,,,,,,,,,2025-04-07T12:21:17.383665+00:00
44,8,42312a8802a8d8412a637c5396deeb4e9723a40d9879230c215aae3a7694bdaf,Total Floor Area (Calculated),340.4,3664.0,3,19,18,158,43,16,13,5,"['door', 'door', 'door', 'door', 'door', 'door', 'stair', 'stair', 'bathtub', 'vanity', 'window', 'window', 'toilet_bowl', 'window', 'window', 'window', 'window', 'window', 'window', 'vanity', 'window', 'toilet_bowl', 'bed', 'vanity', 'door', 'door', 'door', 'door', 'door', 'door', 'door', 'stair', 'stair', 'stove', 'window', 'window', 'sink', 'window', 'door', 'door', 'door', 'stair', 'window']",872703.5,0.0003900522915285661,0.004198447697299255,7140,17611,2666,2025-04-07T12:21:17.383665+00:00
