Property ID,User ID,Property URL,Floorplan URLs,Status,Timestamp
1,2,https://www.rightmove.co.uk/properties/154508327,https://media.rightmove.co.uk/85k/84953/154508327/84953_101291013823_FLP_00_0000.jpeg,Triggered,2025-04-07 10:54:59
2,2,https://www.rightmove.co.uk/properties/157632305,https://media.rightmove.co.uk/16k/15987/157632305/15987_1309699_FLP_00_0001.png,Triggered,2025-04-07 10:55:29
3,2,https://www.rightmove.co.uk/properties/157624415,https://media.rightmove.co.uk/97k/96368/157624415/96368_HOR240273_FLP_00_0000.jpeg,Triggered,2025-04-07 10:55:59
4,2,https://www.rightmove.co.uk/properties/157637849,https://media.rightmove.co.uk/15k/14113/157637849/14113_CWG250004_FLP_00_0000.gif,Triggered,2025-04-07 10:56:29
6,2,https://www.rightmove.co.uk/properties/87080874,https://media.rightmove.co.uk/5k/4172/87080874/4172_100031013581_FLP_00_0000.png,Triggered,2025-04-07 10:56:59
7,2,https://www.rightmove.co.uk/properties/158149802,https://media.rightmove.co.uk/12k/11612/158149802/11612_BUR100211_FLP_00_0000.jpeg,Triggered,2025-04-07 10:57:28
8,2,https://www.rightmove.co.uk/properties/158149382,https://media.rightmove.co.uk/16k/15436/158149382/15436_28698681_FLP_00_0000.jpeg,Triggered,2025-04-07 10:57:58
9,2,https://www.rightmove.co.uk/properties/158112233,https://media.rightmove.co.uk/20k/19212/158112233/19212_RIP210257_FLP_00_0000.jpeg,Triggered,2025-04-07 10:58:28
10,2,https://www.rightmove.co.uk/properties/158119058,https://media.rightmove.co.uk/49k/48698/158119058/48698_WES200087_FLP_00_0000.jpeg,Triggered,2025-04-07 10:58:58
11,8,https://www.rightmove.co.uk/properties/87080874,https://media.rightmove.co.uk/5k/4172/87080874/4172_100031013581_FLP_00_0000.png,Triggered,2025-04-07 10:59:29
12,8,https://www.rightmove.co.uk/properties/158149802,https://media.rightmove.co.uk/12k/11612/158149802/11612_BUR100211_FLP_00_0000.jpeg,Triggered,2025-04-07 10:59:59
13,8,https://www.rightmove.co.uk/properties/158149382,https://media.rightmove.co.uk/16k/15436/158149382/15436_28698681_FLP_00_0000.jpeg,Triggered,2025-04-07 11:00:29
14,8,https://www.rightmove.co.uk/properties/158112233,https://media.rightmove.co.uk/20k/19212/158112233/19212_RIP210257_FLP_00_0000.jpeg,Triggered,2025-04-07 11:00:59
15,8,https://www.rightmove.co.uk/properties/158119058,https://media.rightmove.co.uk/49k/48698/158119058/48698_WES200087_FLP_00_0000.jpeg,Triggered,2025-04-07 11:01:29
17,8,https://www.rightmove.co.uk/properties/158281094,https://media.rightmove.co.uk/18k/17973/158281094/17973_WNS250031_FLP_00_0000.jpeg,Triggered,2025-04-07 11:01:59
18,8,https://www.rightmove.co.uk/properties/158285186,https://media.rightmove.co.uk/34k/33563/158285186/33563_WIN190557_FLP_00_0000.jpeg,Triggered,2025-04-07 11:02:29
19,8,https://www.rightmove.co.uk/properties/158261315,https://media.rightmove.co.uk/20k/19212/158261315/19212_RIP210132_FLP_00_0000.jpeg,Triggered,2025-04-07 11:02:59
20,8,https://www.rightmove.co.uk/properties/157665278,https://media.rightmove.co.uk/151k/150398/157665278/150398_MOD103295_FLP_00_0000.jpeg,Triggered,2025-04-07 11:03:29
21,8,https://www.rightmove.co.uk/properties/152943413,https://media.rightmove.co.uk/16k/15984/152943413/15984_1220188_FLP_00_0000.png,Triggered,2025-04-07 11:03:59
22,8,https://www.rightmove.co.uk/properties/158262095,https://media.rightmove.co.uk/10k/9040/158262095/9040_WOK240569_FLP_00_0000.jpeg,Triggered,2025-04-07 11:04:29
23,8,https://www.rightmove.co.uk/properties/156244094,https://media.rightmove.co.uk/3k/2083/156244094/2083_SOU116672_FLP_00_0000.jpeg,Triggered,2025-04-07 11:04:59
24,8,https://www.rightmove.co.uk/properties/157114469,https://media.rightmove.co.uk/16k/15436/157114469/15436_28607650_FLP_00_0000.jpeg,Triggered,2025-04-07 11:05:29
25,8,https://www.rightmove.co.uk/properties/158264951,https://media.rightmove.co.uk/12k/11612/158264951/11612_BUR240187_FLP_00_0000.jpeg,Triggered,2025-04-07 11:05:59
26,8,https://www.rightmove.co.uk/properties/158256791,https://media.rightmove.co.uk/50k/49305/158256791/49305_S1209360_FLP_00_0000.jpeg,Triggered,2025-04-07 11:06:30
27,8,https://www.rightmove.co.uk/properties/158034488,https://media.rightmove.co.uk/162k/161522/158034488/161522_HPA240537_FLP_00_0000.jpeg,Triggered,2025-04-07 11:07:00
28,8,https://www.rightmove.co.uk/properties/158322299,https://media.rightmove.co.uk/272k/271565/158322299/271565_S1155015_FLP_00_0000.png,Triggered,2025-04-07 11:07:30
31,8,https://www.rightmove.co.uk/properties/158366828,https://media.rightmove.co.uk/49k/48620/158366828/48620_CLV744732_FLP_00_0000.jpeg,Triggered,2025-04-07 11:08:00
33,8,https://www.rightmove.co.uk/properties/154759076,https://media.rightmove.co.uk/8k/7153/154759076/7153_PULWE_503323_FLP_00_0000.jpeg,Triggered,2025-04-07 11:08:30
34,8,https://www.rightmove.co.uk/properties/158352755,https://media.rightmove.co.uk/87k/86777/158352755/86777_KNA250072_FLP_00_0000.jpeg,Triggered,2025-04-07 11:09:00
35,8,https://www.rightmove.co.uk/properties/158352788,https://media.rightmove.co.uk/10k/9040/158352788/9040_WOK250078_FLP_00_0000.jpeg,Triggered,2025-04-07 11:09:30
36,8,https://www.rightmove.co.uk/properties/151894088,https://media.rightmove.co.uk/27k/26249/151894088/26249_33338480_FLP_00_0000.jpeg,Triggered,2025-04-07 11:10:00
37,8,https://www.rightmove.co.uk/properties/158353511,https://media.rightmove.co.uk/37k/36239/158353511/36239_GUS250022_FLP_00_0000.jpeg,Triggered,2025-04-07 11:10:30
38,8,https://www.rightmove.co.uk/properties/158354267,https://media.rightmove.co.uk/254k/253016/158354267/253016_S1211586_FLP_00_0000.jpeg,Triggered,2025-04-07 11:11:00
39,8,https://www.rightmove.co.uk/properties/157156604,https://media.rightmove.co.uk/37k/36239/157156604/36239_GUS240366_FLP_00_0000.jpeg,Triggered,2025-04-07 11:11:30
40,8,https://www.rightmove.co.uk/properties/158389037,https://media.rightmove.co.uk/103k/102539/158389037/102539_a2567e7b-9ed6-4396-8d3d-bd3e4ff01df9_FLP_00_0000.png,Triggered,2025-04-07 11:12:00
41,8,https://www.rightmove.co.uk/properties/158420027,https://media.rightmove.co.uk/16k/15984/158420027/15984_1314093_FLP_00_0000.png,Triggered,2025-04-07 11:12:30
43,8,https://www.rightmove.co.uk/properties/156809111,https://media.rightmove.co.uk/69k/68971/156809111/68971_GUI220347_FLP_00_0000.png,Triggered,2025-04-07 11:13:00
44,8,https://www.rightmove.co.uk/properties/158399288,https://media.rightmove.co.uk/58k/57272/158399288/57272_1314651_FLP_00_0000.png,Triggered,2025-04-07 11:13:31
46,8,https://www.rightmove.co.uk/properties/158391395,https://media.rightmove.co.uk/41k/40310/158391395/40310_33681716_FLP_00_0000.jpeg,Triggered,2025-04-07 11:14:01
48,2,https://www.rightmove.co.uk/properties/158443409,https://media.rightmove.co.uk/238k/237116/158443409/237116_1629_FLP_00_0000.jpeg,Triggered,2025-04-07 11:14:31
50,8,https://www.rightmove.co.uk/properties/158607725,https://media.rightmove.co.uk/97k/96368/158607725/96368_HOR240204_FLP_00_0000.jpeg,Triggered,2025-04-07 11:15:01
51,8,https://www.rightmove.co.uk/properties/158608553,https://media.rightmove.co.uk/87k/86777/158608553/86777_KNA230145_FLP_00_0000.png,Triggered,2025-04-07 11:15:31
52,8,https://www.rightmove.co.uk/properties/158619977,https://media.rightmove.co.uk/10k/9040/158619977/9040_WOK180891_FLP_00_0000.jpeg,Triggered,2025-04-07 11:16:01
53,8,https://www.rightmove.co.uk/properties/158614079,https://media.rightmove.co.uk/12k/11612/158614079/11612_BUR240316_FLP_00_0000.jpeg,Triggered,2025-04-07 11:16:31
54,8,https://www.rightmove.co.uk/properties/158648825,https://media.rightmove.co.uk/85k/84800/158648825/84800_33695969_FLP_00_0000.jpeg,Triggered,2025-04-07 11:17:01
55,8,https://www.rightmove.co.uk/properties/152076377,https://media.rightmove.co.uk/239k/238265/152076377/238265_S1064575_FLP_00_0000.jpeg,Triggered,2025-04-07 11:17:31
56,8,https://www.rightmove.co.uk/properties/157632305,https://media.rightmove.co.uk/16k/15987/157632305/15987_1309699_FLP_00_0000.png,Triggered,2025-04-07 11:18:01
58,10,https://www.rightmove.co.uk/properties/158508347,https://media.rightmove.co.uk/55k/54899/158508347/54899_ef2e3c45-d5d0-4ca3-b7fe-718d5542617c_FLP_00_0000.jpeg,Triggered,2025-04-07 11:18:31
59,8,https://www.rightmove.co.uk/properties/158701067,https://media.rightmove.co.uk/87k/86777/158701067/86777_KNA220532_FLP_00_0000.jpeg,Triggered,2025-04-07 11:19:01
61,8,https://www.rightmove.co.uk/properties/153638363,https://media.rightmove.co.uk/108k/107488/153638363/107488_Eaton_FLP_00_0000.jpeg,Triggered,2025-04-07 11:19:31
